Name,Asx D/L,Glx D/L,Ser D/L,Arg D/L,Ala D/L,Tyr D/L,Val D/L,Phe D/L,Leu D/L,Ile D/L,[Ser]/[Ala],Bleached,Type,Time,Genus,Species,materials
0578bH,0.18,0.07,0.23,0.47,0.07,0.00,0.07,0.00,0.00,0.06,0.466406219,b,H,,Patella,vulgata,shell
0578bH,0.18,0.07,0.22,0.36,0.07,0.00,0.07,0.00,0.00,0.06,0.47148356,b,H,,Patella,vulgata,shell
5859bF,0.66,0.31,0.92,0.89,0.52,0.00,0.31,0.50,0.44,0.38,0.461311034,b,F,,Patella,sp.,shell
5859bF,0.66,0.32,0.95,0.79,0.52,0.00,0.29,0.47,0.42,0.34,0.457087609,b,F,,Patella,sp.,shell
5859bH*,0.37,0.17,0.45,0.25,0.28,0.00,0.13,0.25,0.22,0.13,0.569298975,b,H,*,Patella,sp.,shell
5859bH*,0.37,0.18,0.46,0.27,0.29,0.00,0.11,0.27,0.23,0.22,0.563198869,b,H,*,Patella,sp.,shell
5860bF,0.66,0.32,0.93,0.86,0.52,0.00,0.31,0.52,0.45,0.44,0.502395168,b,F,,Patella,sp.,shell
5860bF,0.67,0.30,0.93,0.79,0.51,0.00,0.30,0.52,0.44,0.47,0.507834788,b,F,,Patella,sp.,shell
5860bH*,0.32,0.17,0.40,0.26,0.28,0.00,0.14,0.26,0.22,0.14,0.641370628,b,H,*,Patella,sp.,shell
5860bH*,0.32,0.17,0.40,0.28,0.29,0.00,0.10,0.27,0.24,0.26,0.630221198,b,H,*,Patella,sp.,shell
5861bF,0.67,0.30,0.91,1.00,0.55,0.00,0.37,0.62,0.56,0.54,0.48852551,b,F,,Patella,sp.,shell
5861bF,0.67,0.33,0.90,0.00,0.54,0.00,0.37,0.54,0.52,0.66,0.495809132,b,F,,Patella,sp.,shell
5861bH*,0.32,0.16,0.38,0.23,0.26,0.00,0.13,0.24,0.22,0.14,0.664274331,b,H,*,Patella,sp.,shell
5861bH*,0.31,0.16,0.38,0.25,0.26,0.00,0.10,0.25,0.24,0.26,0.659376767,b,H,*,Patella,sp.,shell
5862bF,0.68,0.32,0.93,0.78,0.55,0.00,0.42,0.63,0.54,0.52,0.600681919,b,F,,Patella,sp.,shell
5862bF,0.68,0.31,0.94,0.79,0.55,0.00,0.43,0.62,0.56,0.50,0.589964148,b,F,,Patella,sp.,shell
5862bH*,0.33,0.18,0.43,0.29,0.29,0.00,0.15,0.27,0.26,0.15,0.685158217,b,H,*,Patella,sp.,shell
5862bH*,0.33,0.19,0.44,0.34,0.29,0.00,0.13,0.29,0.27,0.27,0.67949741,b,H,*,Patella,sp.,shell
5867bF,0.67,0.30,0.97,0.79,0.52,0.00,0.30,0.50,0.44,0.44,0.450106721,b,F,,Patella,sp.,shell
5867bF,0.67,0.30,0.97,0.75,0.52,0.00,0.28,0.49,0.42,0.51,0.44857911,b,F,,Patella,sp.,shell
5867bH*,0.35,0.14,0.28,0.18,0.25,0.00,0.12,0.20,0.00,0.22,0.739075556,b,H,*,Patella,sp.,shell
5867bH*,0.35,0.14,0.28,0.19,0.26,0.00,0.11,0.20,0.18,0.12,0.748153849,b,H,*,Patella,sp.,shell
5868bF,0.66,0.30,0.90,1.01,0.52,0.00,0.30,0.53,0.46,0.42,0.508425997,b,F,,Patella,sp.,shell
5868bF,0.67,0.29,0.91,0.93,0.52,0.00,0.28,0.52,0.46,0.41,0.43205067,b,F,,Patella,sp.,shell
5868bH*,0.31,0.12,0.20,0.16,0.22,0.00,0.13,0.17,0.19,0.18,0.967520682,b,H,*,Patella,sp.,shell
5868bH*,0.31,0.12,0.20,0.16,0.22,0.00,0.10,0.17,0.15,0.11,0.981611687,b,H,*,Patella,sp.,shell
5869bF,0.67,0.30,0.94,0.85,0.54,0.00,0.37,0.64,0.54,0.54,0.503917547,b,F,,Patella,sp.,shell
5869bF,0.67,0.31,0.90,0.86,0.54,0.00,0.39,0.61,0.53,0.58,0.48151992,b,F,,Patella,sp.,shell
5869bH*,0.28,0.11,0.17,0.17,0.23,0.00,0.11,0.17,0.16,0.12,0.970872139,b,H,*,Patella,sp.,shell
5869bH*,0.29,0.12,0.20,0.17,0.22,0.00,0.11,0.19,0.16,0.18,0.91848684,b,H,*,Patella,sp.,shell
5870bF,0.67,0.29,0.88,0.78,0.53,0.00,0.38,0.63,0.62,0.56,0.593126487,b,F,,Patella,sp.,shell
5870bF,0.68,0.28,0.83,0.82,0.53,0.00,0.39,0.66,0.55,0.57,0.587119753,b,F,,Patella,sp.,shell
5870bH*,0.30,0.12,0.19,0.22,0.27,0.00,0.12,0.19,0.18,0.13,1.044552495,b,H,*,Patella,sp.,shell
5870bH*,0.30,0.12,0.19,0.21,0.24,0.00,0.12,0.18,0.18,0.18,1.114825755,b,H,*,Patella,sp.,shell
6093bF,0.65,0.32,0.95,0.00,0.55,#DIV/0!,0.54,0.53,0.90,2.17,0.478587127,b,F,,Patella,sp.,shell
6093bF,0.66,0.32,0.94,0.00,0.58,0.00,0.47,0.68,0.65,0.57,0.423817491,b,F,,Patella,sp.,shell
6093bH*,0.33,0.17,0.45,0.00,0.31,#DIV/0!,0.18,0.24,0.33,0.25,0.581768628,b,H,*,Patella,sp.,shell
6093bH*,0.33,0.18,0.44,0.00,0.28,0.00,0.17,0.24,0.50,0.34,0.599679449,b,H,*,Patella,sp.,shell
6094bF,0.61,0.33,0.93,0.00,0.56,0.00,0.57,0.35,0.88,0.53,0.425408007,b,F,,Patella,sp.,shell
6094bF,0.61,0.32,0.71,0.00,0.54,0.00,0.53,0.35,0.73,0.00,0.4591062,b,F,,Patella,sp.,shell
6094bH*,0.28,0.17,0.37,0.00,0.30,#DIV/0!,0.21,0.15,0.38,0.19,0.595264133,b,H,*,Patella,sp.,shell
6094bH*,0.28,0.17,0.36,0.00,0.29,#DIV/0!,0.20,0.14,0.53,0.23,0.6003206,b,H,*,Patella,sp.,shell
6098bF,0.68,0.35,0.98,#DIV/0!,0.60,0.00,0.43,0.47,0.73,0.61,0.451974466,b,F,,Patella,sp.,shell
6098bF,0.66,0.35,0.98,0.00,0.59,0.00,0.38,0.00,0.70,0.56,0.44501013,b,F,,Patella,sp.,shell
6098bH*,0.34,0.20,0.51,0.00,0.36,0.00,0.21,0.23,0.34,0.27,0.563748504,b,H,*,Patella,sp.,shell
6098bH*,0.35,0.20,0.53,0.00,0.35,0.00,0.22,0.23,0.36,0.32,0.553165607,b,H,*,Patella,sp.,shell
6101bF,0.67,0.31,0.96,0.73,0.51,0.00,0.31,0.48,0.56,0.37,0.540106695,b,F,,Patella,sp.,shell
6101bF,0.63,0.30,0.97,0.76,0.50,0.00,0.27,0.50,0.59,0.45,0.542974934,b,F,,Patella,sp.,shell
6101bH*,0.40,0.17,0.55,0.00,0.28,#DIV/0!,0.16,0.00,0.29,0.22,0.602539285,b,H,*,Patella,sp.,shell
6101bH*,0.40,0.17,0.55,0.00,0.27,#DIV/0!,0.15,0.22,0.31,0.30,0.61007086,b,H,*,Patella,sp.,shell
6102bF,0.61,0.23,0.62,#DIV/0!,0.48,#DIV/0!,0.00,0.00,0.00,0.00,0.466712971,b,F,,Patella,sp.,shell
6102bF,0.58,0.30,0.75,#DIV/0!,0.42,#DIV/0!,0.00,0.00,0.00,0.00,0.411697909,b,F,,Patella,sp.,shell
6102bH*,0.52,0.16,0.44,0.00,0.23,#DIV/0!,0.00,0.00,0.00,0.00,0.442150746,b,H,*,Patella,sp.,shell
6102bH*,0.51,0.17,0.52,0.00,0.28,#DIV/0!,0.15,0.00,0.91,0.24,0.451042066,b,H,*,Patella,sp.,shell
6103bF,0.68,0.33,0.95,0.00,0.55,0.00,0.34,0.46,0.58,0.43,0.494662528,b,F,,Patella,sp.,shell
6103bF,0.66,0.32,0.98,0.00,0.55,0.00,0.33,0.50,0.53,0.45,0.485958908,b,F,,Patella,sp.,shell
6103bH*,0.40,0.19,0.49,0.00,0.34,#DIV/0!,0.18,0.25,0.33,0.25,0.584437501,b,H,*,Patella,sp.,shell
6103bH*,0.40,0.21,0.50,0.00,0.33,#DIV/0!,0.16,0.26,0.27,0.20,0.685808467,b,H,*,Patella,sp.,shell
6104bF,0.65,0.31,0.94,0.00,0.52,0.00,0.37,0.37,0.85,0.63,0.432231201,b,F,,Patella,sp.,shell
6104bF,0.62,0.30,0.94,0.00,0.55,0.00,0.36,0.41,0.64,0.72,0.422257159,b,F,,Patella,sp.,shell
6104bH*,0.35,0.19,0.49,0.00,0.32,#DIV/0!,0.16,0.31,0.41,0.24,0.533480651,b,H,*,Patella,sp.,shell
6104bH*,0.36,0.19,0.50,0.00,0.32,#DIV/0!,0.17,0.29,0.37,0.27,0.543766252,b,H,*,Patella,sp.,shell
6226bF,0.71,0.52,0.96,#DIV/0!,0.74,#DIV/0!,0.54,0.78,0.79,0.77,0.320332853,b,F,,Patella,,shell edge
6226bF,0.70,0.52,0.95,0.00,0.75,#DIV/0!,0.55,0.74,0.98,0.84,0.316530892,b,F,,Patella,,shell edge
6227bF,0.66,0.38,0.95,0.00,0.60,0.00,0.39,0.55,0.69,0.66,0.447582373,b,F,,Patella,,shell edge
6227bF,0.67,0.37,0.93,0.00,0.61,0.46,0.40,0.59,0.65,0.71,0.442749261,b,F,,Patella,,shell edge
6228bF,0.75,0.93,0.73,0.00,0.93,#DIV/0!,0.95,0.88,1.33,1.15,0.056985206,b,F,,Patella,,shell edge
6228bF,0.77,0.92,0.72,0.00,0.93,#DIV/0!,0.94,0.93,1.23,1.20,0.054161992,b,F,,Patella,,shell edge
6226bH*,0.34,0.24,0.42,0.00,0.39,0.00,0.21,0.37,0.38,0.35,0.527796232,b,H,*,Patella,,shell edge
6226bH*,0.34,0.24,0.42,0.00,0.42,0.00,0.21,0.40,0.37,0.39,0.518477168,b,H,*,Patella,,shell edge
6227bH*,0.31,0.19,0.37,0.00,0.28,0.00,0.12,0.22,0.23,0.26,0.587259048,b,H,*,Patella,,shell edge
6227bH*,0.31,0.18,0.37,0.00,0.28,0.00,0.13,0.23,0.23,0.30,0.585904062,b,H,*,Patella,,shell edge
6228bH*,0.44,0.34,0.40,0.00,0.49,#DIV/0!,0.27,0.36,0.38,0.40,0.169640087,b,H,*,Patella,,shell edge
6228bH*,0.44,0.34,0.37,0.00,0.50,#DIV/0!,0.28,0.35,0.37,0.42,0.172162426,b,H,*,Patella,,shell edge
8053bF,0.77,0.67,0.63,1.20,0.89,0.00,0.63,0.97,0.90,0.86,0.102839194,b,F,,patella ,.Sp,shell
8054bF,0.78,0.68,0.61,1.22,0.89,0.00,0.65,0.98,0.89,0.87,0.104623329,b,F,,patella ,.Sp,shell
8055bF,0.81,0.91,0.36,1.89,0.95,0.00,0.88,1.04,1.06,1.31,0.038217868,b,F,,patella ,.Sp,shell
8056bF,0.81,0.91,0.61,1.90,0.95,0.00,0.94,1.05,1.02,1.03,0.027196208,b,F,,patella ,.Sp,shell
8057bF,0.75,0.63,0.75,1.10,0.87,#DIV/0!,0.57,0.95,0.85,0.79,0.145375333,b,F,,patella ,.Sp,shell
8058bF,0.75,0.62,0.75,1.11,0.86,#DIV/0!,0.55,0.95,0.84,0.74,0.141461323,b,F,,patella ,.Sp,shell
8059bF,0.67,0.73,0.82,1.59,0.83,#DIV/0!,0.52,1.03,0.92,0.84,0.062993781,b,F,,patella ,.Sp,shell
8060bF,0.67,0.75,0.59,1.51,0.82,#DIV/0!,0.51,1.06,0.92,0.84,0.081701485,b,F,,patella ,.Sp,shell
8061bF,0.79,0.92,0.45,1.83,0.98,#DIV/0!,0.86,1.09,1.06,1.08,0.026257661,b,F,,patella ,.Sp,shell
8062bF,0.79,0.92,0.41,1.88,0.96,0.00,0.88,1.02,1.03,0.97,0.022473897,b,F,,patella ,.Sp,shell
8065bF,0.71,0.55,0.76,1.12,0.81,#DIV/0!,0.43,0.88,0.76,0.57,0.18820964,b,F,,patella ,.Sp,shell
8066bF,0.71,0.54,0.95,1.12,0.81,#DIV/0!,0.41,0.84,0.76,0.57,0.162258469,b,F,,patella ,.Sp,shell
8067bF,0.69,0.50,0.84,1.02,0.80,#DIV/0!,0.48,0.78,0.73,0.63,0.204386432,b,F,,patella ,.Sp,shell
8068bF,0.69,0.49,0.87,1.00,0.80,#DIV/0!,0.45,0.84,0.75,0.65,0.195226633,b,F,,patella ,.Sp,shell
8069bF,0.70,0.57,0.77,1.06,0.82,0.00,0.48,0.86,0.79,0.73,0.168858866,b,F,,patella ,.Sp,shell
8070bF,0.71,0.62,0.69,1.01,0.84,0.00,0.44,0.90,0.79,0.72,0.28951651,b,F,,patella ,.Sp,shell
8053bH*,0.59,0.39,0.34,0.71,0.66,0.00,0.32,0.13,0.50,0.38,0.156328912,b,H,*,patella ,.Sp,shell
8054bH*,0.59,0.40,0.33,0.72,0.68,0.00,0.34,0.62,0.51,0.39,0.197213385,b,H,*,patella ,.Sp,shell
8055bH*,0.63,0.54,0.08,1.02,0.63,0.00,0.47,0.71,0.61,0.42,0.132218452,b,H,*,patella ,.Sp,shell
8056bH*,0.63,0.58,0.16,1.37,0.79,0.00,0.50,0.81,0.65,0.56,0.100314351,b,H,*,patella ,.Sp,shell
8057bH*,0.55,0.33,0.43,0.61,0.58,0.00,0.26,0.52,0.45,0.36,0.186831172,b,H,*,patella ,.Sp,shell
8058bH*,0.55,0.33,0.41,0.63,0.61,0.00,0.27,0.53,0.42,0.31,0.1852567,b,H,*,patella ,.Sp,shell
8059bH*,0.46,0.35,0.27,1.85,0.56,0.00,0.16,0.43,0.27,0.33,0.185808051,b,H,*,patella ,.Sp,shell
8060bH*,0.45,0.36,0.28,1.62,0.56,0.00,0.15,0.45,0.25,0.30,0.190488978,b,H,*,patella ,.Sp,shell
8061bH*,0.54,0.57,0.24,2.16,0.79,0.00,0.46,0.83,0.69,0.56,0.047513404,b,H,*,patella ,.Sp,shell
8062bH*,0.54,0.59,0.30,1.68,0.82,0.00,0.49,0.83,0.69,0.56,0.043854991,b,H,*,patella ,.Sp,shell
8065bH*,0.55,0.30,0.42,0.70,0.58,0.00,0.22,0.48,0.43,0.26,0.237480532,b,H,*,patella ,.Sp,shell
8066bH*,0.56,0.29,0.41,0.69,0.57,0.00,0.21,0.48,0.42,0.26,0.240963962,b,H,*,patella ,.Sp,shell
8067bH*,0.53,0.26,0.50,0.55,0.51,0.00,0.23,0.43,0.35,0.26,0.273889961,b,H,*,patella ,.Sp,shell
8068bH*,0.55,0.27,0.46,0.55,0.51,0.00,0.23,0.42,0.33,0.25,0.288805725,b,H,*,patella ,.Sp,shell
8069bH*,0.57,0.30,0.44,0.64,0.59,0.00,0.24,0.49,0.41,0.28,0.23543822,b,H,*,patella ,.Sp,shell
8070bH*,0.57,0.30,0.48,0.63,0.60,0.00,0.24,0.49,0.41,0.29,0.212345805,b,H,*,patella ,.Sp,shell
8071bH*,0.71,0.49,0.43,1.86,0.82,0.00,0.32,0.50,0.53,0.33,0.081491574,b,H,*,patella,.Sp,shell
8072bH*,0.72,0.49,0.43,1.92,0.82,0.00,0.31,0.51,0.53,0.34,0.076753513,b,H,*,patella,.Sp,shell
8071bF,0.89,0.61,0.76,1.82,0.90,0.00,0.43,0.64,0.85,0.51,0.041615699,b,F,,patella,.Sp,shell
8072bF,0.88,0.61,0.77,1.96,0.89,0.00,0.43,0.61,0.85,0.51,0.043294615,b,F,,patella,.Sp,shell
6858bH*,0.63,0.52,0.21,7.37,0.79,0.00,0.72,0.82,0.70,0.93,0.21723576,b,H,*,patella ,.Sp,shell
6858bH*,0.63,0.51,0.20,9.95,0.77,0.00,0.71,0.43,0.77,0.89,0.215640336,b,H,*,patella ,.Sp,shell
6860bH*,0.58,0.53,0.21,8.30,0.78,0.00,0.64,0.76,0.64,0.83,0.267859835,b,H,*,patella ,.Sp,shell
6860bH*,0.58,0.51,0.19,13.87,0.78,0.00,0.63,0.57,0.64,0.80,0.253405134,b,H,*,patella ,.Sp,shell
6862bH*,0.52,0.38,0.21,3.78,0.60,0.00,0.45,0.65,0.49,0.62,0.361741747,b,H,*,patella ,.Sp,shell
6862bH*,0.52,0.38,0.21,4.94,0.58,0.00,0.46,0.59,0.49,0.66,0.379979796,b,H,*,patella ,.Sp,shell
6866bH*,0.55,0.40,0.17,3.82,0.59,0.00,0.52,0.71,0.53,0.71,0.363854849,b,H,*,patella ,.Sp,shell
6866bH*,0.55,0.39,0.19,5.10,0.61,0.00,0.50,0.65,0.51,0.69,0.360135632,b,H,*,patella ,.Sp,shell
6868bH*,0.55,0.40,0.21,4.09,0.64,0.00,0.58,0.71,0.52,0.67,0.376483219,b,H,*,patella ,.Sp,shell
6868bH*,0.56,0.40,0.21,4.92,0.64,0.00,0.60,0.64,0.54,0.71,0.347401125,b,H,*,patella ,.Sp,shell
6870bH*,0.52,0.31,0.18,2.60,0.49,0.00,0.43,0.64,0.46,0.59,0.444877256,b,H,*,patella ,.Sp,shell
6870bH*,0.53,0.31,0.17,3.66,0.48,0.00,0.46,0.60,0.40,0.59,0.464829122,b,H,*,patella ,.Sp,shell
6872bH*,0.49,0.31,0.20,6.95,0.47,0.00,0.46,0.60,0.42,0.45,0.389556442,b,H,*,patella,.Sp,shell
6857bH*,0.58,0.54,0.15,15.66,0.80,#DIV/0!,0.80,0.59,0.78,0.77,0.24218908,b,H,*,patella ,.Sp,shell
6861bH*,0.57,0.51,0.18,5.39,0.78,0.00,0.60,0.66,0.65,0.80,0.261319679,b,H,*,patella,.Sp,shell
6857bF,0.75,0.75,0.49,18.29,0.88,0.00,0.90,0.74,0.97,0.97,0.053973293,b,F,,patella ,.Sp,shell
6861bF,0.75,0.71,0.61,5.98,0.88,0.00,0.77,0.63,1.09,0.96,0.059500435,b,F,,patella,.Sp,shell
7264bF,0.65,0.44,0.82,1.42,0.71,0.24,0.54,0.73,0.72,0.69,0.436265801,b,F,,Patella,vulgata,shell
7264bF,0.65,0.44,0.83,1.54,0.71,0.23,0.51,0.75,0.72,0.70,0.440843119,b,F,,Patella,vulgata,shell
7265bF,0.70,0.37,0.77,1.41,0.56,0.15,0.29,0.56,0.49,0.29,0.553244765,b,F,,Patella,vulgata,shell
7265bF,0.70,0.38,0.75,1.56,0.56,0.20,0.26,0.64,0.50,0.28,0.550055914,b,F,,Patella,vulgata,shell
7266bF,0.66,0.35,0.85,1.10,0.61,0.00,0.31,0.57,0.54,0.39,0.630528883,b,F,,Patella,vulgata,shell
7264bH*,0.29,0.20,0.48,0.61,0.41,0.14,0.23,0.31,0.27,0.25,0.524858309,b,H,*,Patella,vulgata,shell
7266bH*,0.41,0.20,0.54,0.47,0.39,0.11,0.18,0.26,0.23,0.32,0.637074121,b,H,*,Patella,vulgata,shell
8145bF,0.73,0.55,0.70,1.22,0.84,#DIV/0!,0.62,0.87,0.88,0.81,0.132837582,b,F,,Patella,ferruginea,shell 
8146bF,0.74,0.55,0.74,1.25,0.85,#DIV/0!,0.63,0.84,0.88,0.83,0.133192309,b,F,,Patella,ferruginea,shell 
8147bF,0.77,0.56,0.82,1.21,0.77,#DIV/0!,0.55,0.90,0.80,0.75,0.174914703,b,F,,Patella,ulyssiponensis,shell 
8148bF,0.71,0.56,0.79,1.80,0.78,#DIV/0!,0.57,0.86,0.84,0.71,0.172245762,b,F,,Patella,ulyssiponensis,shell 
8149bF,0.75,0.59,0.78,1.40,0.84,#DIV/0!,0.50,0.89,0.86,0.55,0.164474777,b,F,,Patella,ulyssiponensis,shell 
8150bF,0.76,0.60,0.71,1.36,0.86,0.00,0.50,0.93,0.84,0.57,0.193642641,b,F,,Patella,ulyssiponensis,shell 
8151bF,0.70,0.53,0.79,1.18,0.79,#DIV/0!,0.63,0.39,0.00,0.88,0.173763467,b,F,,Patella,vulgata,shell 
8152bF,0.71,0.52,0.80,1.22,0.78,#DIV/0!,0.60,0.86,0.87,0.78,0.171805977,b,F,,Patella,vulgata,shell 
8153bF,0.77,0.87,0.36,1.55,0.91,0.00,0.86,0.94,1.07,1.06,0.044759586,b,F,,Patella,ferruginea,shell 
8154bF,0.78,0.86,0.00,1.68,0.91,0.00,0.89,0.93,1.09,1.07,0.03527685,b,F,,Patella,ferruginea,shell 
8155bF,0.75,0.60,0.77,1.22,0.84,#DIV/0!,0.60,0.93,0.89,0.80,0.135095011,b,F,,Patella,ferruginea,shell 
8156bF,0.79,0.60,0.80,1.17,0.84,#DIV/0!,0.58,0.91,0.86,0.79,0.124322447,b,F,,Patella,ferruginea,shell 
8157bF,0.73,0.55,0.83,1.42,0.80,#DIV/0!,0.52,0.84,0.82,0.62,0.207379651,b,F,,Patella,vulgata,shell 
8158bF,0.73,0.54,0.80,1.40,0.80,0.00,0.54,0.85,0.80,0.62,0.20407617,b,F,,Patella,vulgata,shell 
8159bF,#DIV/0!,#DIV/0!,#DIV/0!,#DIV/0!,#DIV/0!,#DIV/0!,#DIV/0!,#DIV/0!,#DIV/0!,#DIV/0!,#DIV/0!,b,F,,Patella,ulyssiponensis,shell 
8146bH*,0.53,0.32,0.48,0.68,0.53,0.00,0.30,0.49,0.44,0.33,0.209995434,b,H,*,Patella,ferruginea,shell 
8148bH*,0.55,0.27,0.37,1.37,0.42,#DIV/0!,0.20,0.00,0.33,0.24,0.276949006,b,H,*,Patella,ulyssiponensis,shell 
8149bH*,0.53,0.33,0.49,0.73,0.59,0.00,0.30,0.53,0.50,0.31,0.270183655,b,H,*,Patella,ulyssiponensis,shell 
8154bH*,0.59,0.46,0.23,0.98,0.62,#DIV/0!,0.33,0.58,0.44,0.39,0.096131292,b,H,*,Patella,ferruginea,shell 
8155bH*,0.58,0.33,0.44,0.89,0.54,0.00,0.26,0.49,0.38,0.32,0.193436183,b,H,*,Patella,ferruginea,shell 
8156bH*,0.56,0.32,0.40,0.84,0.53,0.00,0.26,0.46,0.36,0.30,0.213157347,b,H,*,Patella,ferruginea,shell 
8157bH*,0.52,0.26,0.39,0.80,0.43,0.00,0.24,0.44,0.31,0.25,0.346928821,b,H,*,Patella,vulgata,shell 
8158bH*,0.52,0.27,0.45,0.63,0.49,0.00,0.25,0.51,0.38,0.28,0.343156999,b,H,*,Patella,vulgata,shell 
8159bH*,0.13,0.06,0.18,0.27,0.05,0.00,0.00,0.00,0.00,0.00,0.949896158,b,H,*,Patella,ulyssiponensis,shell 
8187bF,0.74,0.55,0.75,1.41,0.82,0.27,0.44,0.84,0.79,0.50,0.286211674,b,F,,Patella,vulgata,shell 
8188bF,0.74,0.52,0.80,1.30,0.82,#DIV/0!,0.45,0.84,0.77,0.52,0.248341448,b,F,,Patella,vulgata,shell 
8189bF,0.67,0.42,0.78,1.25,0.78,#VALUE!,0.57,0.77,0.84,0.70,0.319047461,b,F,,Patella,vulgata,shell 
8190bF,0.67,0.42,0.91,1.17,0.77,#DIV/0!,0.55,0.88,0.79,0.70,0.282042427,b,F,,Patella,vulgata,shell 
8191bF,0.75,0.57,0.87,1.24,0.84,0.69,1.54,1.45,1.14,2.48,0.214666882,b,F,,Patella,vulgata,shell 
8192bF,0.75,0.57,0.83,1.38,0.84,0.59,0.46,0.85,0.80,0.54,0.210038835,b,F,,Patella,vulgata,shell 
8193bF,0.74,0.59,0.39,1.25,0.82,0.35,0.47,0.68,0.78,0.44,0.311872486,b,F,,Patella,vulgata,shell 
8185bH*,0.56,0.25,0.27,0.49,0.53,#DIV/0!,0.24,0.40,0.34,0.26,0.452645816,b,H,*,Patella,vulgata,shell 
8186bH*,0.56,0.26,0.39,0.48,0.56,#DIV/0!,0.25,0.44,0.37,0.27,0.354998365,b,H,*,Patella,vulgata,shell 
8187bH*,0.59,0.36,0.57,0.69,0.61,0.00,0.26,0.51,0.46,0.30,0.381803378,b,H,*,Patella,vulgata,shell 
8188bH*,0.59,0.32,0.45,0.67,0.62,#DIV/0!,0.25,0.52,0.45,0.29,0.316656963,b,H,*,Patella,vulgata,shell 
8189bH*,0.50,0.23,0.30,0.48,0.48,#DIV/0!,0.23,0.36,0.33,0.27,0.5126836,b,H,*,Patella,vulgata,shell 
8190bH*,0.51,0.24,0.38,0.50,0.45,#DIV/0!,0.24,0.42,0.34,0.27,0.451734272,b,H,*,Patella,vulgata,shell 
8191bH*,0.61,0.33,0.49,0.69,0.63,#DIV/0!,0.26,0.55,0.50,0.33,0.275045514,b,H,*,Patella,vulgata,shell 
8192bH*,0.61,0.33,0.45,0.71,0.64,0.00,0.25,0.50,0.48,0.32,0.289430769,b,H,*,Patella,vulgata,shell 
8193bH*,0.60,0.33,0.38,0.82,0.63,#DIV/0!,0.24,0.54,0.48,0.31,0.270169008,b,H,*,Patella,vulgata,shell 
8194bH*,0.60,0.33,0.34,0.78,0.63,#DIV/0!,0.24,0.51,0.49,0.32,0.284825527,b,H,*,Patella,vulgata,shell 
8152bH*,0.59,0.30,0.29,1.02,0.50,#DIV/0!,0.24,0.39,0.37,0.25,0.372224735,b,H,*,Patella,vulgata,shell 
8153bH*,0.57,0.47,0.23,2.10,0.65,0.00,0.35,0.61,0.54,0.36,0.102321563,b,H,*,Patella,ferruginea,shell 
8160bH*,0.18,0.05,0.16,0.28,0.06,0.00,0.02,0.05,0.07,0.03,1.027882154,b,H,*,Patella,ulyssiponensis,shell 
8150bH*,0.59,0.36,0.30,0.73,0.56,0.00,0.24,0.46,0.35,0.27,0.38122004,b,H,*,Patella,ulyssiponensis,shell 
8152bF,0.20,0.30,0.45,1.92,0.21,#DIV/0!,1.44,0.00,0.79,#DIV/0!,2.212753033,b,F,,Patella,vulgata,shell 
8160bF,0.16,0.24,0.48,1.52,0.17,#DIV/0!,0.68,0.00,0.18,0.00,2.047937684,b,F,,Patella,ulyssiponensis,shell 
8185bH*,0.56,0.25,0.25,0.49,0.53,#DIV/0!,0.25,0.43,0.34,0.26,0.491580707,b,H,*,Patella,vulgata,shell 
7498bF,0.64,0.51,0.66,1.27,0.62,0.35,0.47,0.81,0.70,0.72,0.64080525,b,F,,Patella,caerulea,shell
7497bF,0.69,0.68,0.58,1.53,0.75,0.88,0.63,0.95,0.69,0.77,0.372145271,b,F,,Patella,caerulea,shell
7499bF,0.66,0.56,0.84,1.16,0.65,0.51,0.50,0.93,0.57,0.85,0.447480449,b,F,,Patella,caerulea,shell
7504bF,0.63,0.46,0.97,0.00,0.60,#DIV/0!,0.61,0.75,0.58,0.86,0.476323294,b,F,,Patella,caerulea,shell
7505bF,0.64,0.37,0.85,0.00,0.57,0.52,0.44,0.61,0.49,0.53,0.670248569,b,F,,Patella,caerulea,shell
7506bF,0.62,0.44,1.06,0.00,0.63,#DIV/0!,0.58,0.88,0.53,0.81,0.489677132,b,F,,Patella,caerulea,shell
7498bH*,0.25,0.21,0.41,0.00,0.38,0.52,0.28,0.38,0.36,0.38,0.72200034,b,H,*,Patella,caerulea,shell
7497bH*,0.31,0.20,0.27,0.00,0.47,#DIV/0!,0.27,0.55,0.34,0.44,0.335540142,b,H,*,Patella,caerulea,shell
7499bH*,0.58,0.49,0.98,0.00,0.67,0.49,0.52,0.82,0.59,0.91,0.417761586,b,H,*,Patella,caerulea,shell
7504bH*,0.24,0.19,0.43,0.00,0.28,#DIV/0!,0.22,0.33,0.33,0.35,0.537993428,b,H,*,Patella,caerulea,shell
7505bH*,0.25,0.18,0.52,0.00,0.27,0.00,0.27,0.32,0.32,0.32,0.751489972,b,H,*,Patella,caerulea,shell
7506bH*,0.23,0.17,0.45,0.00,0.28,#DIV/0!,0.24,0.37,0.32,0.32,0.793590949,b,H,*,Patella,caerulea,shell
8161bF,0.67,0.44,0.85,0.00,0.67,#DIV/0!,0.33,0.65,0.57,0.34,0.454968453,b,F,,Patella,ulyssiponensis,shell
8161bF,0.66,0.43,0.86,0.00,0.68,#DIV/0!,0.30,0.62,0.55,0.34,0.459082294,b,F,,Patella,ulyssiponensis,shell
8161bH*,0.33,0.20,0.42,0.00,0.38,#DIV/0!,0.14,0.27,0.24,0.16,0.591234235,b,H,*,Patella,ulyssiponensis,shell
8161bH*,0.33,0.20,0.42,0.00,0.38,#DIV/0!,0.13,0.27,0.23,0.15,0.590205379,b,H,*,Patella,ulyssiponensis,shell
8162bF,0.67,0.45,0.86,0.00,0.66,#DIV/0!,0.32,0.65,0.56,0.35,0.478591062,b,F,,Patella,ulyssiponensis,shell
8162bF,0.67,0.44,0.82,0.00,0.67,#DIV/0!,0.33,0.63,0.55,0.34,0.471976631,b,F,,Patella,ulyssiponensis,shell
8162bH*,0.34,0.19,0.39,0.00,0.35,#DIV/0!,0.13,0.23,0.21,0.13,0.693910255,b,H,*,Patella,ulyssiponensis,shell
8162bH*,0.34,0.20,0.39,0.00,0.35,#DIV/0!,0.12,0.21,0.20,0.12,0.697859589,b,H,*,Patella,ulyssiponensis,shell
8163bF,0.59,0.52,0.74,0.00,0.69,#DIV/0!,2.36,1.13,0.68,1.00,0.544578624,b,F,,Patella,ulyssiponensis,shell
8163bF,0.60,0.41,0.82,0.00,0.70,0.41,0.54,0.75,0.70,0.63,0.423223408,b,F,,Patella,ulyssiponensis,shell
8164bF,0.61,0.41,0.80,0.00,0.65,#DIV/0!,0.41,0.67,0.54,0.44,0.472385021,b,F,,Patella,ulyssiponensis,shell
8164bF,0.62,0.39,0.79,0.00,0.64,#DIV/0!,0.39,0.63,0.53,0.45,0.465375878,b,F,,Patella,ulyssiponensis,shell
8164bH*,0.35,0.18,0.39,0.00,0.28,0.00,0.11,0.23,0.18,0.10,0.517383172,b,H,*,Patella,ulyssiponensis,shell
8164bH*,0.37,0.17,0.40,0.00,0.27,0.00,0.11,0.22,0.17,0.10,0.469801245,b,H,*,Patella,ulyssiponensis,shell
8167bF,0.62,0.49,0.83,0.00,0.74,0.39,0.62,0.84,0.80,0.74,0.436259226,b,F,,Patella,ulyssiponensis,shell
8167bF,0.62,0.45,0.73,0.00,0.74,0.41,0.64,0.79,0.80,0.75,0.412797633,b,F,,Patella,ulyssiponensis,shell
8168bF,0.62,0.48,0.81,0.00,0.73,0.48,0.53,0.77,0.74,0.63,0.410905982,b,F,,Patella,ulyssiponensis,shell
8168bF,0.63,0.45,0.73,0.00,0.72,0.49,0.57,0.73,0.66,0.66,0.423259501,b,F,,Patella,ulyssiponensis,shell
8169bF,0.62,0.46,0.90,0.00,0.71,#DIV/0!,0.53,0.80,0.67,0.62,0.480454375,b,F,,Patella,ulyssiponensis,shell
8169bF,0.61,0.43,0.85,0.00,0.70,#DIV/0!,0.55,0.76,0.66,0.66,0.480375234,b,F,,Patella,ulyssiponensis,shell
8169bH*,0.31,0.19,0.47,0.00,0.33,#DIV/0!,0.14,0.31,0.23,0.14,0.481560227,b,H,*,Patella,ulyssiponensis,shell
8169bH*,0.33,0.19,0.46,0.00,0.32,#DIV/0!,0.15,0.31,0.23,0.15,0.453960324,b,H,*,Patella,ulyssiponensis,shell
8170bF,0.61,0.45,0.89,0.00,0.71,#DIV/0!,0.53,0.79,0.71,0.59,0.475127886,b,F,,Patella,ulyssiponensis,shell
8170bF,0.62,0.43,0.93,0.00,0.70,#DIV/0!,0.58,0.80,0.69,0.68,0.430610519,b,F,,Patella,ulyssiponensis,shell
8171bF,0.65,0.37,0.73,0.00,0.62,#DIV/0!,0.36,0.64,0.59,0.40,0.454442089,b,F,,Patella,ulyssiponensis,shell
8171bH*,0.40,0.21,0.44,0.00,0.37,#DIV/0!,0.16,0.29,0.24,0.15,0.430421066,b,H,*,Patella,ulyssiponensis,shell
8171bH*,0.40,0.21,0.44,0.00,0.36,#DIV/0!,0.16,0.27,0.26,0.15,0.421434078,b,H,*,Patella,ulyssiponensis,shell
8172bF,0.66,0.38,0.79,0.00,0.63,0.00,0.38,0.69,0.60,0.44,0.425345837,b,F,,Patella,ulyssiponensis,shell
8172bF,0.65,0.39,0.70,0.00,0.62,0.31,0.39,0.72,0.66,0.48,0.462944809,b,F,,Patella,ulyssiponensis,shell
8172bH*,0.40,0.22,0.43,0.00,0.37,#DIV/0!,0.16,0.31,0.27,0.14,0.429280063,b,H,*,Patella,ulyssiponensis,shell
8172bH*,0.40,0.21,0.41,0.00,0.36,#DIV/0!,0.17,0.27,0.28,0.14,0.446764333,b,H,*,Patella,ulyssiponensis,shell
8173bF,0.68,0.59,0.81,0.00,0.80,#DIV/0!,3.52,1.17,1.73,2.13,0.344043514,b,F,,Patella,ulyssiponensis,shell
8174bF,0.68,0.56,0.78,0.00,0.79,0.93,0.62,0.90,0.79,0.79,0.341186595,b,F,,Patella,ulyssiponensis,shell
8174bF,0.68,0.54,0.77,0.00,0.79,0.84,0.62,0.88,0.81,0.79,0.339651946,b,F,,Patella,ulyssiponensis,shell
8174bH*,0.38,0.22,0.39,0.00,0.39,0.77,0.19,0.34,0.29,0.22,0.482742486,b,H,*,Patella,ulyssiponensis,shell
8174bH*,0.39,0.22,0.38,0.00,0.39,0.77,0.19,0.33,0.29,0.21,0.481695462,b,H,*,Patella,ulyssiponensis,shell
7363bF,0.64,0.40,0.80,0.00,0.65,0.33,0.39,0.72,0.61,0.47,0.44394296,b,F,,Patella,ulyssiponensis,shell
7363bF,0.65,0.39,0.81,0.00,0.64,0.33,0.39,0.70,0.61,0.45,0.460962362,b,F,,Patella,ulyssiponensis,shell
7363bH*,0.33,0.19,0.48,0.00,0.34,0.00,0.17,0.28,0.24,0.17,0.47928731,b,H,*,Patella,ulyssiponensis,shell
7364bF,0.67,0.43,0.87,0.00,0.73,0.64,0.59,0.85,0.75,0.70,0.433805204,b,F,,Patella,ulyssiponensis,shell
7365bF,0.71,0.44,0.92,0.00,0.68,#DIV/0!,0.36,0.73,0.64,0.44,0.453688243,b,F,,Patella,ulyssiponensis,shell
7365bH*,0.34,0.20,0.46,0.00,0.39,0.20,0.18,0.30,0.25,0.18,0.546208518,b,H,*,Patella,ulyssiponensis,shell
7366bF,0.70,0.42,0.89,0.00,0.68,0.77,0.47,0.79,0.66,0.54,0.426897553,b,F,,Patella,ulyssiponensis,shell
7366bH*,0.36,0.21,0.50,0.00,0.39,1.05,0.19,0.40,0.30,0.21,0.487542352,b,H,*,Patella,ulyssiponensis,shell
7367bF,0.68,0.41,0.87,0.00,0.67,#DIV/0!,0.39,0.73,0.64,0.47,0.442800557,b,F,,Patella,ulyssiponensis,shell
7367bH*,0.39,0.20,0.51,0.00,0.35,0.00,0.17,0.34,0.28,0.19,0.465769076,b,H,*,Patella,ulyssiponensis,shell
8564bF,0.70,0.61,0.65,0.00,0.60,#DIV/0!,0.46,0.57,0.62,0.58,0.903186605,b,F,,patella,caerulea,shell 
8564bF,0.68,0.46,0.79,0.00,0.62,#DIV/0!,0.51,0.52,0.54,0.60,0.42065446,b,F,,patella,caerulea,shell 
8560bF,0.65,0.36,0.82,0.00,0.54,0.00,0.28,0.46,0.48,0.38,0.495440647,b,F,,Patella,caerulea,shell 
8560bF,0.63,0.30,1.04,0.00,0.57,0.33,0.28,0.60,0.44,0.38,0.283900483,b,F,,Patella,caerulea,shell 
8559bF,0.64,0.39,0.84,0.00,0.56,0.70,0.46,0.59,0.59,0.57,0.663349514,b,F,,Patella,caerulea,shell 
8559bF,0.60,0.37,0.76,0.00,0.59,0.40,0.42,0.64,0.56,0.59,0.518381066,b,F,,Patella,caerulea,shell 
8557bF,0.74,0.49,0.75,0.00,0.62,0.62,0.42,0.64,0.55,0.50,0.469372147,b,F,,Patella,caerulea,shell 
8557bF,0.71,0.46,0.67,0.00,0.65,0.53,0.37,0.64,0.53,0.49,0.552156187,b,F,,Patella,caerulea,shell 
8556bF,0.73,0.63,0.72,0.00,0.71,0.88,0.57,0.80,0.72,0.71,0.405964872,b,F,,Patella,caerulea,shell 
8556bF,0.72,0.60,0.89,0.00,0.74,0.71,0.49,0.80,0.70,0.68,0.302763314,b,F,,Patella,caerulea,shell 
8604bF,0.64,0.36,0.87,0.00,0.58,#DIV/0!,0.32,0.54,0.57,0.45,0.468346803,b,F,,Patella,caerulea,shell
8604bF,0.69,0.38,0.86,0.00,0.58,#DIV/0!,0.40,0.60,0.53,0.48,0.391915787,b,F,,Patella,caerulea,shell
8605bF,0.66,0.49,0.85,0.00,0.68,#DIV/0!,0.51,0.71,0.84,0.67,0.475977621,b,F,,Patella,caerulea,shell
8605bF,0.71,0.49,0.81,0.00,0.66,#DIV/0!,0.46,0.80,0.69,0.71,0.36114807,b,F,,Patella,caerulea,shell
8606bF,0.66,0.45,0.86,0.00,0.65,#DIV/0!,0.42,0.68,0.68,0.59,0.427370713,b,F,,Patella,caerulea,shell
8606bF,0.72,0.47,0.72,0.00,0.64,#DIV/0!,0.47,0.70,0.65,0.62,0.397053953,b,F,,Patella,caerulea,shell
8607bF,0.68,0.45,0.77,0.00,0.68,#DIV/0!,0.45,0.62,0.57,0.57,0.453849585,b,F,,Patella,caerulea,shell
8607bF,0.72,0.46,0.86,0.00,0.65,#DIV/0!,0.33,0.73,0.57,0.52,0.326486358,b,F,,Patella,caerulea,shell
8608bF,0.64,0.46,0.91,0.00,0.68,#DIV/0!,0.53,0.71,0.63,0.72,0.517196985,b,F,,Patella,caerulea,shell
8608bF,0.68,0.47,0.78,0.00,0.67,#DIV/0!,0.62,0.74,0.72,0.75,0.43502688,b,F,,Patella,caerulea,shell
8615bF,0.78,0.60,0.76,0.00,0.75,#DIV/0!,0.54,0.78,0.64,0.66,0.242481091,b,F,,Patella,caerulea,shell
8616bF,0.61,0.29,0.87,0.00,0.53,#DIV/0!,0.34,0.00,0.36,0.35,0.579300073,b,F,,Patella,caerulea,shell
8616bF,0.65,0.32,0.76,0.00,0.53,#DIV/0!,0.42,0.55,0.47,0.40,0.586258302,b,F,,Patella,caerulea,shell
8617bF,0.65,0.42,0.89,0.00,0.62,#DIV/0!,0.41,0.64,0.62,0.60,0.490206777,b,F,,Patella,caerulea,shell
8617bF,0.68,0.43,0.91,0.00,0.61,#DIV/0!,0.40,0.68,0.59,0.56,0.430039669,b,F,,Patella,caerulea,shell
8618bF,0.65,0.16,0.85,0.00,0.58,#DIV/0!,0.46,0.71,0.49,0.46,0.637608089,b,F,,Patella,caerulea,shell
8618bF,0.69,0.38,0.79,0.00,0.57,0.44,0.47,0.60,0.57,0.53,0.550726393,b,F,,Patella,caerulea,shell
8604bH*,0.27,0.19,0.42,0.00,0.36,#DIV/0!,0.23,0.35,0.31,0.31,0.639551963,b,H,*,Patella,caerulea,shell
8605bH*,0.29,0.21,0.45,0.00,0.37,#DIV/0!,0.31,0.37,0.40,0.41,0.694721247,b,H,*,Patella,caerulea,shell
8607bH*,0.28,0.22,0.41,0.00,0.42,#DIV/0!,0.27,0.36,0.34,0.34,0.62022578,b,H,*,Patella,caerulea,shell
8608bH*,0.25,0.19,0.43,0.00,0.36,#DIV/0!,0.28,0.36,0.35,0.39,0.64773441,b,H,*,Patella,caerulea,shell
8615bH*,0.45,0.37,0.44,0.00,0.52,#DIV/0!,0.42,0.52,0.00,0.35,0.360070711,b,H,*,Patella,caerulea,shell
8615bH*,0.46,0.37,0.42,0.00,0.56,#DIV/0!,0.41,0.52,0.42,0.42,0.308937527,b,H,*,Patella,caerulea,shell
8616bH*,0.25,0.16,0.42,0.00,0.32,#DIV/0!,0.21,0.31,0.24,0.00,0.771187053,b,H,*,Patella,caerulea,shell
8616bH*,0.25,0.15,0.43,0.00,0.36,#DIV/0!,0.18,0.28,0.24,0.00,0.547492024,b,H,*,Patella,caerulea,shell
8617bH*,0.24,0.21,0.40,0.00,0.38,#DIV/0!,0.25,0.36,0.35,0.35,0.691451619,b,H,*,Patella,caerulea,shell
8617bH*,0.24,0.20,0.42,0.00,0.37,#DIV/0!,0.28,0.36,0.33,0.33,0.659510627,b,H,*,Patella,caerulea,shell
8618bH*,0.31,0.18,0.45,0.00,0.32,0.23,0.23,0.37,0.26,0.26,0.689355646,b,H,*,Patella,caerulea,shell
8618bH*,0.31,0.18,0.48,0.00,0.29,0.33,0.23,0.29,0.27,0.25,0.575718544,b,H,*,Patella,caerulea,shell
8606bH*,0.27,0.15,0.30,0.00,0.39,#DIV/0!,0.28,0.44,0.35,0.34,0.811384204,b,H,*,Patella,caerulea,shell
8606bH*,0.27,0.21,0.37,0.00,0.38,#DIV/0!,0.28,0.36,0.36,0.36,0.657308083,b,H,*,Patella,caerulea,shell
8604bH*,0.26,0.20,0.41,0.00,0.33,#DIV/0!,0.21,0.41,0.30,0.27,0.732133835,b,H,*,Patella,caerulea,shell
8608bH*,0.25,0.21,0.43,0.00,0.34,#DIV/0!,0.25,0.43,0.35,0.00,0.763216825,b,H,*,Patella,caerulea,shell
8604bH*,0.27,0.19,0.43,0.00,0.36,0.00,0.24,0.14,0.29,0.32,0.635069922,b,H,*,Patella,caerulea,shell
8608bH*,0.25,0.19,0.44,0.00,0.35,0.00,0.26,0.27,0.37,0.37,0.671459823,b,H,*,Patella,caerulea,shell
8628bH*,0.27,0.23,0.43,0.00,0.34,0.00,0.19,0.00,0.00,0.00,0.621667382,b,H,*,Patella,caerulea,shell
8628bH*,0.28,0.24,0.43,0.00,0.37,0.00,0.21,0.38,#DIV/0!,0.00,0.617868759,b,H,*,Patella,caerulea,shell
8628bH*,0.28,0.23,0.42,0.00,0.37,0.00,0.19,0.35,0.00,0.00,0.597995067,b,H,*,Patella,caerulea,shell
8623bH*,0.47,0.38,0.50,0.00,0.50,0.00,0.19,0.47,#DIV/0!,0.00,0.294782092,b,H,*,Patella,caerulea,shell
8628bF,0.69,0.53,0.97,0.00,0.66,0.22,0.65,0.64,#DIV/0!,0.00,0.456762546,b,F,,Patella,caerulea,shell
8623bF,0.78,0.58,0.82,0.00,0.75,0.34,0.51,0.63,0.00,0.00,0.247573271,b,F,,patella,caerulea,shell
9038bF,0.77,0.76,0.00,#DIV/0!,0.92,#DIV/0!,0.91,0.97,0.97,1.16,0.035690836,b,F,,Patella,sp.,shell edge
9038bF,0.78,0.78,0.54,0.00,0.91,#DIV/0!,0.91,0.93,0.99,1.11,0.034130162,b,F,,Patella,sp.,shell edge
9039bF,0.78,0.77,0.52,0.00,0.92,#DIV/0!,0.91,0.97,0.97,1.10,0.075111052,b,F,,Patella,sp.,shell edge
9039bF,0.78,0.74,0.00,0.00,0.91,#DIV/0!,0.92,0.94,0.99,1.13,0.029096652,b,F,,Patella,sp.,shell edge
9040bF,0.76,0.58,0.72,0.00,0.85,#DIV/0!,0.72,0.88,0.87,0.93,0.122709959,b,F,,Patella,sp.,shell edge
9040bF,0.77,0.58,0.91,0.00,0.85,#DIV/0!,0.73,0.95,0.91,0.93,0.110818332,b,F,,Patella,sp.,shell edge
9041bF,0.76,0.58,0.70,0.00,0.86,#DIV/0!,0.74,0.97,0.89,0.95,0.115507791,b,F,,Patella,sp.,shell edge
9041bF,0.77,0.58,0.73,0.00,0.86,#DIV/0!,0.74,0.93,0.90,0.94,0.114723973,b,F,,Patella,sp.,shell edge
9042bF,0.75,0.58,0.48,0.00,0.83,#DIV/0!,0.63,1.01,0.78,0.62,0.110851969,b,F,,Patella,sp.,shell edge
9042bF,0.79,0.61,0.68,0.00,0.82,#DIV/0!,0.61,0.91,0.80,0.66,0.087251006,b,F,,Patella,sp.,shell edge
9043bF,0.83,0.55,0.91,#DIV/0!,0.87,#DIV/0!,0.51,0.96,0.92,0.65,0.095229982,b,F,,Patella,sp.,shell edge
9043bF,0.87,0.56,0.79,#DIV/0!,0.87,#DIV/0!,0.51,0.97,0.94,0.64,0.104001663,b,F,,Patella,sp.,shell edge
9038bH*,0.61,0.46,0.00,0.00,0.61,0.00,0.35,0.55,0.49,0.36,0.080897113,b,H,*,Patella,sp.,shell edge
9038bH*,0.61,0.46,0.00,0.00,0.61,0.00,0.35,0.57,0.46,0.36,0.069100109,b,H,*,Patella,sp.,shell edge
9039bH*,0.58,0.40,0.00,0.00,0.55,0.00,0.30,0.53,0.42,0.32,0.078308745,b,H,*,Patella,sp.,shell edge
9039bH*,0.58,0.40,0.00,0.00,0.55,0.00,0.30,0.50,0.41,0.31,0.047579571,b,H,*,Patella,sp.,shell edge
9040bH*,0.57,0.33,0.39,0.00,0.53,#DIV/0!,0.28,0.47,0.39,0.31,0.164950788,b,H,*,Patella,sp.,shell edge
9040bH*,0.57,0.33,0.44,0.00,0.52,#DIV/0!,0.28,0.46,0.39,0.31,0.158571457,b,H,*,Patella,sp.,shell edge
9041bH*,0.56,0.33,0.39,0.00,0.51,#DIV/0!,0.27,0.46,0.39,0.30,0.183799343,b,H,*,Patella,sp.,shell edge
9041bH*,0.56,0.33,0.48,0.00,0.52,#DIV/0!,0.27,0.46,0.35,0.29,0.156203853,b,H,*,Patella,sp.,shell edge
9042bH*,0.74,0.47,0.54,0.00,0.79,#DIV/0!,0.38,0.63,0.63,0.43,0.136156006,b,H,*,Patella,sp.,shell edge
9042bH*,0.74,0.48,0.50,0.00,0.79,0.00,0.38,0.65,0.62,0.43,0.137154826,b,H,*,Patella,sp.,shell edge
9043bH*,0.71,0.46,0.51,0.00,0.79,0.00,0.37,0.62,0.61,0.42,0.155444249,b,H,*,Patella,sp.,shell edge
9043bH*,0.71,0.46,0.51,0.00,0.78,0.00,0.37,0.63,0.61,0.42,0.14801948,b,H,*,Patella,sp.,shell edge
5859bF,0.66,0.31,0.92,0.89,0.52,0.00,0.31,0.50,0.44,0.38,0.461311034,b,F,,Patella,sp.,shell
5859bF,0.66,0.32,0.95,0.79,0.52,0.00,0.29,0.47,0.42,0.34,0.457087609,b,F,,Patella,sp.,shell
5859bH*,0.37,0.17,0.45,0.25,0.28,0.00,0.13,0.25,0.22,0.13,0.569298975,b,H,*,Patella,sp.,shell
5859bH*,0.37,0.18,0.46,0.27,0.29,0.00,0.11,0.27,0.23,0.22,0.563198869,b,H,*,Patella,sp.,shell
5860bF,0.66,0.32,0.93,0.86,0.52,0.00,0.31,0.52,0.45,0.44,0.502395168,b,F,,Patella,sp.,shell
5860bF,0.67,0.30,0.93,0.79,0.51,0.00,0.30,0.52,0.44,0.47,0.507834788,b,F,,Patella,sp.,shell
5860bH*,0.32,0.17,0.40,0.26,0.28,0.00,0.14,0.26,0.22,0.14,0.641370628,b,H,*,Patella,sp.,shell
5860bH*,0.32,0.17,0.40,0.28,0.29,0.00,0.10,0.27,0.24,0.26,0.630221198,b,H,*,Patella,sp.,shell
5861bF,0.67,0.30,0.91,1.00,0.55,0.00,0.37,0.62,0.56,0.54,0.48852551,b,F,,Patella,sp.,shell
5861bF,0.67,0.33,0.90,0.00,0.54,0.00,0.37,0.54,0.52,0.66,0.495809132,b,F,,Patella,sp.,shell
5861bH*,0.32,0.16,0.38,0.23,0.26,0.00,0.13,0.24,0.22,0.14,0.664274331,b,H,*,Patella,sp.,shell
5861bH*,0.31,0.16,0.38,0.25,0.26,0.00,0.10,0.25,0.24,0.26,0.659376767,b,H,*,Patella,sp.,shell
5862bF,0.68,0.32,0.93,0.78,0.55,0.00,0.42,0.63,0.54,0.52,0.600681919,b,F,,Patella,sp.,shell
5862bF,0.68,0.31,0.94,0.79,0.55,0.00,0.43,0.62,0.56,0.50,0.589964148,b,F,,Patella,sp.,shell
5862bH*,0.33,0.18,0.43,0.29,0.29,0.00,0.15,0.27,0.26,0.15,0.685158217,b,H,*,Patella,sp.,shell
5862bH*,0.33,0.19,0.44,0.34,0.29,0.00,0.13,0.29,0.27,0.27,0.67949741,b,H,*,Patella,sp.,shell
5867bF,0.67,0.30,0.97,0.79,0.52,0.00,0.30,0.50,0.44,0.44,0.450106721,b,F,,Patella,sp.,shell
5867bF,0.67,0.30,0.97,0.75,0.52,0.00,0.28,0.49,0.42,0.51,0.44857911,b,F,,Patella,sp.,shell
5867bH*,0.35,0.14,0.28,0.18,0.25,0.00,0.12,0.20,0.00,0.22,0.739075556,b,H,*,Patella,sp.,shell
5867bH*,0.35,0.14,0.28,0.19,0.26,0.00,0.11,0.20,0.18,0.12,0.748153849,b,H,*,Patella,sp.,shell
5868bF,0.66,0.30,0.90,1.01,0.52,0.00,0.30,0.53,0.46,0.42,0.508425997,b,F,,Patella,sp.,shell
5868bF,0.67,0.29,0.91,0.93,0.52,0.00,0.28,0.52,0.46,0.41,0.43205067,b,F,,Patella,sp.,shell
5868bH*,0.31,0.12,0.20,0.16,0.22,0.00,0.13,0.17,0.19,0.18,0.967520682,b,H,*,Patella,sp.,shell
5868bH*,0.31,0.12,0.20,0.16,0.22,0.00,0.10,0.17,0.15,0.11,0.981611687,b,H,*,Patella,sp.,shell
5869bF,0.67,0.30,0.94,0.85,0.54,0.00,0.37,0.64,0.54,0.54,0.503917547,b,F,,Patella,sp.,shell
5869bF,0.67,0.31,0.90,0.86,0.54,0.00,0.39,0.61,0.53,0.58,0.48151992,b,F,,Patella,sp.,shell
5869bH*,0.28,0.11,0.17,0.17,0.23,0.00,0.11,0.17,0.16,0.12,0.970872139,b,H,*,Patella,sp.,shell
5869bH*,0.29,0.12,0.20,0.17,0.22,0.00,0.11,0.19,0.16,0.18,0.91848684,b,H,*,Patella,sp.,shell
5870bF,0.67,0.29,0.88,0.78,0.53,0.00,0.38,0.63,0.62,0.56,0.593126487,b,F,,Patella,sp.,shell
5870bF,0.68,0.28,0.83,0.82,0.53,0.00,0.39,0.66,0.55,0.57,0.587119753,b,F,,Patella,sp.,shell
5870bH*,0.30,0.12,0.19,0.22,0.27,0.00,0.12,0.19,0.18,0.13,1.044552495,b,H,*,Patella,sp.,shell
5870bH*,0.30,0.12,0.19,0.21,0.24,0.00,0.12,0.18,0.18,0.18,1.114825755,b,H,*,Patella,sp.,shell
PaHBModApbF,0.27,0.25,0.09,#DIV/0!,0.67,#DIV/0!,1.80,0.00,0.00,3.92,0.767008891,b,F,,Patella,,shell
PvSmModPbF,0.25,0.24,0.18,#DIV/0!,0.62,#DIV/0!,0.00,0.00,#DIV/0!,0.00,0.557855443,b,F,,Patella,vulgata,shell
PaHBModRpbF,0.22,0.17,0.06,#DIV/0!,0.62,#DIV/0!,2.89,0.00,0.00,0.00,1.145227013,b,F,,Patella,,shell
PvSmModCbF,0.07,0.00,0.19,#DIV/0!,0.00,#DIV/0!,#DIV/0!,0.18,0.72,0.00,1.733975224,b,F,,Patella,vulgata,shell
PaHBModRcbF,0.04,0.00,0.07,#DIV/0!,0.00,#DIV/0!,#DIV/0!,0.00,0.00,#DIV/0!,2.407495081,b,F,,Patella,,shell
PaHBModApbH*,0.11,0.06,0.09,0.31,0.11,0.00,0.07,0.05,0.04,0.03,0.928359334,b,H,*,Patella,,shell
PvSmModPbH*,0.06,0.00,0.12,0.89,0.00,#DIV/0!,0.00,0.00,#DIV/0!,0.00,0.99815338,b,H,*,Patella,vulgata,shell
PaHBModRpbH*,0.12,0.05,0.09,0.33,0.10,0.17,0.07,0.06,0.05,0.04,0.917368373,b,H,*,Patella,,shell
PvSmModCbH*,0.10,0.04,0.12,0.25,0.05,0.02,0.03,0.03,0.05,0.03,0.96667359,b,H,*,Patella,vulgata,shell
PaHBModRcbH*,0.09,0.04,1.00,0.19,0.08,0.02,0.00,0.04,0.04,0.03,1.672456078,b,H,*,Patella,,shell
ArPeL1ISL3b72H*,0.77,0.64,1.06,1.17,0.76,0.00,0.59,0.73,0.72,0.80,0.291992053,b,F,,Patella,spp. (might be caerulea),shell
ArPeL1ISL3b72H*,0.94,0.89,0.70,1.58,0.93,0.91,0.72,0.87,0.87,0.89,0.024945984,b,F,,Patella,spp. (might be caerulea),shell
15526bF,0.77,0.64,1.06,1.17,0.76,0.00,0.59,0.73,0.72,0.80,0.291992053,b,F,,Patella,spp. (might be caerulea),shell
15526bF,0.76,0.61,1.00,1.00,0.76,0.00,0.61,0.63,0.70,0.72,0.286070687,b,F,,Patella,spp. (might be caerulea),shell
15527bF,0.94,0.89,0.70,1.58,0.93,0.91,0.72,0.87,0.87,0.89,0.024945984,b,F,,Patella,spp. (might be caerulea),shell
15527bF,0.94,0.88,0.70,1.43,0.93,0.86,0.71,0.82,0.95,0.90,0.025756237,b,F,,Patella,spp. (might be caerulea),shell
15528bF,0.72,0.46,1.02,0.85,0.66,0.00,0.66,0.64,0.71,0.81,0.590022928,b,F,,Patella,spp. (might be caerulea),shell
15528bF,0.72,0.47,1.02,0.84,0.66,0.00,0.63,0.63,0.71,0.80,0.580916738,b,F,,Patella,spp. (might be caerulea),shell
15529bF,0.69,0.43,1.02,0.86,0.62,0.32,0.53,0.58,0.61,0.64,0.570127867,b,F,,Patella,spp. (might be caerulea),shell
15529bF,0.69,0.43,1.01,0.80,0.62,0.24,0.51,0.55,0.59,0.63,0.568726412,b,F,,Patella,spp. (might be caerulea),shell
15530bF,0.75,0.37,1.05,0.73,0.59,0.00,0.45,0.59,0.58,0.56,0.509208789,b,F,,Patella,spp. (might be caerulea),shell
15530bF,0.74,0.37,1.04,0.71,0.59,0.00,0.45,0.59,0.58,0.54,0.507513622,b,F,,Patella,spp. (might be caerulea),shell
15531bF,0.69,0.56,1.01,1.02,0.71,0.00,0.62,0.65,0.75,0.82,0.380745429,b,F,,Patella,spp. (might be caerulea),shell
15531bF,0.70,0.56,1.00,0.90,0.71,0.00,0.60,0.71,0.75,0.83,0.378200805,b,F,,Patella,spp. (might be caerulea),shell
15532bF,0.69,0.51,0.99,0.89,0.70,0.00,0.66,0.64,0.74,0.85,0.474523575,b,F,,Patella,spp. (might be caerulea),shell
15532bF,0.69,0.51,1.00,0.82,0.70,0.00,0.64,0.65,0.73,0.83,0.471806629,b,F,,Patella,spp. (might be caerulea),shell
15533bF,0.68,0.49,1.02,0.82,0.66,0.00,0.61,0.65,0.72,0.81,0.526209248,b,F,,Patella,spp. (might be caerulea),shell
15533bF,0.68,0.48,1.01,0.78,0.66,0.00,0.61,0.63,0.71,0.80,0.525344883,b,F,,Patella,spp. (might be caerulea),shell
15534bF,0.74,0.43,1.00,1.02,0.62,0.34,0.48,0.60,0.61,0.72,0.42575759,b,F,,Patella,spp. (might be caerulea),shell
15534bF,0.74,0.43,1.00,0.87,0.62,0.26,0.48,0.58,0.61,0.71,0.420070965,b,F,,Patella,spp. (might be caerulea),shell
15535bF,0.74,0.47,1.01,0.76,0.65,0.47,0.50,0.63,0.65,0.73,0.504658644,b,F,,Patella,spp. (might be caerulea),shell
15535bF,0.74,0.46,1.00,0.77,0.65,0.45,0.50,0.61,0.66,0.67,0.493917958,b,F,,Patella,spp. (might be caerulea),shell
15536bF,0.74,0.90,0.87,0.84,0.85,0.00,0.89,0.79,0.92,1.04,0.11499694,b,F,,Patella,spp. (might be caerulea),shell
15536bF,0.74,0.90,0.88,0.81,0.85,0.00,0.89,0.77,0.93,1.03,0.113647656,b,F,,Patella,spp. (might be caerulea),shell
15537bF,0.70,0.51,1.02,0.87,0.68,0.00,0.55,0.63,0.71,0.73,0.446943619,b,F,,Patella,spp. (might be caerulea),shell
15537bF,0.70,0.51,1.01,0.83,0.68,0.00,0.55,0.69,0.71,0.72,0.446200782,b,F,,Patella,spp. (might be caerulea),shell
15538bF,0.69,0.32,0.97,0.96,0.51,0.00,0.25,0.42,0.42,0.30,0.517870357,b,F,,Patella,spp. (might be caerulea),shell
15538bF,0.69,0.32,0.97,1.12,0.52,0.00,0.28,0.44,0.40,0.32,0.512637567,b,F,,Patella,spp. (might be caerulea),shell
15539bF,0.73,0.46,1.01,0.82,0.67,0.21,0.52,0.54,0.67,0.61,0.447942333,b,F,,Patella,spp. (might be caerulea),shell
15539bF,0.73,0.46,1.01,0.85,0.67,0.40,0.52,0.65,0.64,0.68,0.454804617,b,F,,Patella,spp. (might be caerulea),shell
15540bF,0.71,0.56,1.00,0.90,0.68,0.00,0.57,0.64,0.73,0.85,0.471292004,b,F,,Patella,spp. (might be caerulea),shell
15540bF,0.71,0.55,1.00,0.91,0.69,0.00,0.57,0.71,0.70,0.83,0.475610313,b,F,,Patella,spp. (might be caerulea),shell
15541bF,0.73,0.57,1.01,0.84,0.72,0.00,0.67,0.65,0.78,0.92,0.428895594,b,F,,Patella,spp. (might be caerulea),shell
15541bF,0.72,0.57,1.01,0.86,0.72,0.00,0.69,0.72,0.74,0.89,0.431530771,b,F,,Patella,spp. (might be caerulea),shell
15542bF,0.67,0.47,1.00,0.86,0.69,0.00,0.66,0.65,0.75,0.85,0.479598459,b,F,,Patella,spp. (might be caerulea),shell
15542bF,0.66,0.47,0.99,0.87,0.69,0.00,0.63,0.63,0.70,0.90,0.48062526,b,F,,Patella,spp. (might be caerulea),shell
15543bF,0.73,0.60,0.97,0.92,0.74,0.30,0.63,0.78,0.80,1.00,0.400511738,b,F,,Patella,spp. (might be caerulea),shell
15543bF,0.73,0.61,1.01,0.91,0.74,0.00,0.64,0.78,0.77,0.99,0.400427589,b,F,,Patella,spp. (might be caerulea),shell
15544bF,0.72,0.42,1.01,0.95,0.63,0.00,0.49,0.64,0.64,0.70,0.451324148,b,F,,Patella,spp. (might be caerulea),shell
15544bF,0.72,0.42,1.01,0.88,0.62,0.00,0.49,0.64,0.61,0.68,0.452232077,b,F,,Patella,spp. (might be caerulea),shell
15545bF,0.66,0.45,0.73,0.78,0.63,0.00,0.58,0.63,0.70,0.77,0.572930573,b,F,,Patella,spp. (might be caerulea),shell
15545bF,0.68,0.46,1.01,0.76,0.64,0.00,0.60,0.69,0.68,0.79,0.504832211,b,F,,Patella,spp. (might be caerulea),shell
15546bF,0.70,0.44,0.99,0.90,0.66,0.00,0.52,0.64,0.65,0.70,0.43918468,b,F,,Patella,spp. (might be caerulea),shell
15546bF,0.70,0.44,1.01,0.79,0.65,0.00,0.51,0.60,0.61,0.67,0.439601,b,F,,Patella,spp. (might be caerulea),shell
15547bF,0.71,0.35,1.01,0.89,0.55,0.00,0.26,0.47,0.41,0.32,0.464860323,b,F,,Patella,spp. (might be caerulea),shell
15547bF,0.71,0.35,1.02,0.81,0.54,0.00,0.26,0.46,0.40,0.31,0.468543128,b,F,,Patella,spp. (might be caerulea),shell
15548bF,0.71,0.49,1.01,1.09,0.68,2.75,0.47,0.61,0.61,0.60,0.363983142,b,F,,Patella,spp. (might be caerulea),shell
15548bF,0.71,0.49,1.00,0.94,0.67,0.23,0.45,0.57,0.59,0.55,0.358577363,b,F,,Patella,spp. (might be caerulea),shell
15549bF,0.74,0.39,1.03,1.01,0.61,0.00,0.31,0.54,0.47,0.36,0.407816337,b,F,,Patella,spp. (might be caerulea),shell
15549bF,0.75,0.39,1.04,0.91,0.61,0.00,0.32,0.51,0.46,0.35,0.405091701,b,F,,Patella,spp. (might be caerulea),shell
15550bF,0.69,0.38,1.01,0.75,0.61,0.89,0.63,0.58,0.64,0.70,0.60346736,b,F,,Patella,spp. (might be caerulea),shell
15550bF,0.69,0.39,1.01,0.72,0.61,0.39,0.59,0.61,0.64,0.76,0.603757113,b,F,,Patella,spp. (might be caerulea),shell
15551bF,0.67,0.31,0.98,0.77,0.52,0.00,0.32,0.47,0.51,0.33,0.305107053,b,F,,Patella,spp. (might be caerulea),shell
15551bF,0.68,0.30,0.96,0.73,0.52,0.53,0.31,0.49,0.50,0.36,0.313174621,b,F,,Patella,spp. (might be caerulea),shell
15552bF,0.70,0.49,1.01,1.06,0.71,0.00,0.69,0.53,0.76,0.88,0.459693244,b,F,,Patella,spp. (might be caerulea),shell
15552bF,0.70,0.49,1.00,1.14,0.70,0.49,0.67,0.62,0.77,0.95,0.461242148,b,F,,Patella,spp. (might be caerulea),shell
15553bF,0.71,0.40,0.99,0.78,0.58,0.00,0.40,0.50,0.57,0.52,0.381824395,b,F,,Patella,spp. (might be caerulea),shell
15553bF,0.71,0.40,0.99,0.68,0.57,0.00,0.38,0.53,0.54,0.48,0.387509879,b,F,,Patella,spp. (might be caerulea),shell
15554bF,0.74,0.60,0.94,1.01,0.75,0.00,0.60,0.60,0.68,0.68,0.26028201,b,F,,Patella,spp. (might be caerulea),shell
15554bF,0.73,0.60,0.96,1.10,0.76,0.00,0.61,0.60,0.69,0.70,0.260134812,b,F,,Patella,spp. (might be caerulea),shell
15526bH*,0.35,0.28,0.44,0.52,0.36,#DIV/0!,0.23,0.38,0.38,0.27,0.345759705,b,H,*,Patella,spp. (might be caerulea),shell
15526bH*,0.35,0.28,0.44,0.50,0.35,#DIV/0!,0.24,0.43,0.39,0.26,0.340245051,b,H,*,Patella,spp. (might be caerulea),shell
15527bH*,0.72,0.68,0.32,1.32,0.77,#DIV/0!,0.43,0.77,0.65,0.51,0.041390829,b,H,*,Patella,spp. (might be caerulea),shell
15527bH*,0.72,0.68,0.35,1.26,0.70,#DIV/0!,0.44,0.77,0.68,0.49,0.039113716,b,H,*,Patella,spp. (might be caerulea),shell
15528bH*,0.31,0.19,0.41,0.33,0.28,#DIV/0!,0.18,0.31,0.28,0.21,0.669879704,b,H,*,Patella,spp. (might be caerulea),shell
15528bH*,0.31,0.19,0.41,0.32,0.28,#DIV/0!,0.18,0.30,0.28,0.22,0.625511802,b,H,*,Patella,spp. (might be caerulea),shell
15529bH*,0.28,0.18,0.42,0.31,0.29,0.00,0.16,0.29,0.27,0.21,0.720455878,b,H,*,Patella,spp. (might be caerulea),shell
15529bH*,0.28,1.00,0.42,0.30,0.29,#DIV/0!,0.16,0.29,0.27,0.21,0.682408146,b,H,*,Patella,spp. (might be caerulea),shell
15530bH*,0.37,0.21,0.49,0.40,0.30,#DIV/0!,0.17,0.33,0.29,0.21,0.538981702,b,H,*,Patella,spp. (might be caerulea),shell
15530bH*,0.37,0.21,0.49,0.40,0.30,#DIV/0!,0.17,0.36,0.30,0.20,0.508746131,b,H,*,Patella,spp. (might be caerulea),shell
15531bH*,0.28,0.24,0.40,0.37,0.36,#DIV/0!,0.21,0.38,0.39,0.30,0.534141865,b,H,*,Patella,spp. (might be caerulea),shell
15531bH*,0.28,0.24,0.38,0.35,0.36,#DIV/0!,0.21,0.38,0.41,0.29,0.532033536,b,H,*,Patella,spp. (might be caerulea),shell
15532bH*,0.26,0.20,0.37,0.31,0.31,#DIV/0!,0.17,0.32,0.33,0.26,0.64542945,b,H,*,Patella,spp. (might be caerulea),shell
15532bH*,0.26,0.20,0.38,0.30,0.28,#DIV/0!,0.17,0.31,0.36,0.26,0.544056639,b,H,*,Patella,spp. (might be caerulea),shell
15533bH*,0.26,0.18,0.38,0.32,0.30,#DIV/0!,0.18,0.29,0.27,0.21,0.702188123,b,H,*,Patella,spp. (might be caerulea),shell
15533bH*,0.26,0.18,0.38,0.32,0.29,#DIV/0!,0.19,0.28,0.30,0.23,0.656141677,b,H,*,Patella,spp. (might be caerulea),shell
15534bH*,0.37,0.22,0.43,0.43,0.31,0.00,0.19,0.35,0.32,0.22,0.477921759,b,H,*,Patella,spp. (might be caerulea),shell
15534bH*,0.37,0.22,0.44,0.40,0.28,#DIV/0!,0.18,0.33,0.35,0.22,0.437436165,b,H,*,Patella,spp. (might be caerulea),shell
15535bH*,0.33,0.21,0.40,0.35,0.32,0.00,0.17,0.33,0.31,0.24,0.593083565,b,H,*,Patella,spp. (might be caerulea),shell
15535bH*,0.33,0.21,0.40,0.34,0.29,0.00,0.16,0.34,0.32,0.24,0.581332109,b,H,*,Patella,spp. (might be caerulea),shell
15536bH*,0.35,0.35,0.35,0.38,0.45,#DIV/0!,0.30,0.45,0.42,0.33,0.162795969,b,H,*,Patella,spp. (might be caerulea),shell
15536bH*,0.35,0.35,0.36,0.37,0.42,#DIV/0!,0.30,0.44,0.43,0.32,0.15794151,b,H,*,Patella,spp. (might be caerulea),shell
15537bH*,0.27,0.20,0.37,0.33,0.32,#DIV/0!,0.19,0.34,0.34,0.25,0.66698654,b,H,*,Patella,spp. (might be caerulea),shell
15537bH*,0.27,0.21,0.37,0.32,0.31,0.00,0.19,0.33,0.35,0.27,0.614399153,b,H,*,Patella,spp. (might be caerulea),shell
15538bH*,0.31,0.18,0.42,0.36,0.26,#DIV/0!,0.12,0.24,0.23,0.16,0.676893653,b,H,*,Patella,spp. (might be caerulea),shell
15538bH*,0.32,0.18,0.44,0.35,0.24,#DIV/0!,0.12,0.24,0.26,0.16,0.585860599,b,H,*,Patella,spp. (might be caerulea),shell
15539bH*,0.37,0.22,0.49,0.41,0.36,#DIV/0!,0.19,0.34,0.34,0.23,0.557372269,b,H,*,Patella,spp. (might be caerulea),shell
15539bH*,0.37,0.22,0.50,0.41,0.34,#DIV/0!,0.20,0.35,0.35,0.24,0.539883453,b,H,*,Patella,spp. (might be caerulea),shell
15540bH*,0.30,0.22,0.43,0.38,0.34,0.38,0.18,0.34,0.33,0.26,0.603163692,b,H,*,Patella,spp. (might be caerulea),shell
15540bH*,0.30,0.21,0.43,0.35,0.31,0.34,0.18,0.35,0.35,0.27,0.557039764,b,H,*,Patella,spp. (might be caerulea),shell
15541bH*,0.29,0.24,0.42,0.36,0.36,#DIV/0!,0.20,0.37,0.35,0.27,0.591751466,b,H,*,Patella,spp. (might be caerulea),shell
15541bH*,0.30,0.23,0.43,0.35,0.35,#DIV/0!,0.20,0.36,0.36,0.28,0.552701182,b,H,*,Patella,spp. (might be caerulea),shell
15542bH*,0.25,0.19,0.36,0.34,0.32,#DIV/0!,0.18,0.30,0.33,0.23,0.655223313,b,H,*,Patella,spp. (might be caerulea),shell
15542bH*,0.25,0.19,0.36,0.32,0.30,#DIV/0!,0.17,0.31,0.34,0.24,0.633947561,b,H,*,Patella,spp. (might be caerulea),shell
15543bH*,0.30,0.25,0.43,0.37,0.38,0.32,0.23,0.41,0.41,0.34,0.557617306,b,H,*,Patella,spp. (might be caerulea),shell
15543bH*,0.30,0.25,0.43,0.35,0.36,0.00,0.22,0.40,0.42,0.33,0.542096427,b,H,*,Patella,spp. (might be caerulea),shell
15544bH*,0.34,0.20,0.49,0.41,0.30,0.26,0.18,0.32,0.31,0.21,0.529981988,b,H,*,Patella,spp. (might be caerulea),shell
15544bH*,0.34,0.20,0.49,0.40,0.30,0.00,0.17,0.32,0.31,0.22,0.511106588,b,H,*,Patella,spp. (might be caerulea),shell
15545bH*,0.28,0.19,0.38,0.32,0.31,#DIV/0!,0.19,0.35,0.31,0.25,0.641876993,b,H,*,Patella,spp. (might be caerulea),shell
15545bH*,0.28,0.19,0.38,0.31,0.30,#DIV/0!,0.19,0.35,0.31,0.24,0.620204605,b,H,*,Patella,spp. (might be caerulea),shell
15546bH*,0.28,0.17,0.24,0.24,0.29,0.00,0.15,0.26,0.25,0.21,0.7877334,b,H,*,Patella,spp. (might be caerulea),shell
15546bH*,0.28,0.17,0.24,0.22,0.31,0.00,0.16,0.26,0.27,0.21,0.802438637,b,H,*,Patella,spp. (might be caerulea),shell
15547bH*,0.33,0.20,0.41,0.33,0.30,#DIV/0!,0.14,0.30,0.27,0.17,0.631103515,b,H,*,Patella,spp. (might be caerulea),shell
15547bH*,0.32,0.20,0.41,0.32,0.23,0.00,0.15,0.30,0.33,0.19,0.503444723,b,H,*,Patella,spp. (might be caerulea),shell
15548bH*,0.33,0.23,0.45,0.38,0.34,#DIV/0!,0.19,0.35,0.38,0.25,0.473699683,b,H,*,Patella,spp. (might be caerulea),shell
15549bH*,0.37,0.22,0.45,0.52,0.35,#DIV/0!,0.18,0.34,0.32,0.21,0.539762308,b,H,*,Patella,spp. (might be caerulea),shell
15555bF,0.66,0.45,1.01,0.96,0.68,0.00,0.51,0.67,0.66,0.70,0.456948722,b,F,,Patella,spp. (might be caerulea),shell
15555bF,0.66,0.45,1.01,0.84,0.66,0.00,0.50,0.64,0.63,0.66,0.467890597,b,F,,Patella,spp. (might be caerulea),shell
15556bF,0.63,0.43,1.02,0.87,0.70,0.00,0.66,0.67,0.73,0.83,0.514838677,b,F,,Patella,spp. (might be caerulea),shell
15556bF,0.63,0.43,1.02,0.83,0.67,0.00,0.62,0.66,0.70,0.80,0.528971778,b,F,,Patella,spp. (might be caerulea),shell
15557bF,0.64,0.94,0.86,1.51,0.92,0.75,0.98,0.93,1.04,1.21,0.049072887,b,F,,Patella,spp. (might be caerulea),shell
15557bF,0.64,0.93,0.83,1.20,0.91,0.61,0.96,0.88,1.00,1.19,0.052724903,b,F,,Patella,spp. (might be caerulea),shell
15558bF,0.67,0.54,1.03,1.05,0.74,0.00,0.68,0.77,0.79,0.93,0.424066325,b,F,,Patella,spp. (might be caerulea),shell
15558bF,0.67,0.54,1.04,0.96,0.73,0.00,0.69,0.69,0.76,0.86,0.420512183,b,F,,Patella,spp. (might be caerulea),shell
15559bF,0.70,0.54,1.01,0.88,0.69,0.75,0.52,0.72,0.69,0.79,0.401595866,b,F,,Patella,spp. (might be caerulea),shell
15559bF,0.71,0.54,1.01,0.79,0.69,0.67,0.51,0.71,0.68,0.76,0.404798289,b,F,,Patella,spp. (might be caerulea),shell
15560bF,0.73,0.58,0.99,1.05,0.68,0.00,0.38,0.60,0.57,0.50,0.346843547,b,F,,Patella,spp. (might be caerulea),shell
15560bF,0.73,0.58,0.99,0.91,0.68,0.00,0.38,0.58,0.58,0.50,0.338556758,b,F,,Patella,spp. (might be caerulea),shell
15561bF,0.65,0.48,1.01,0.96,0.69,0.00,0.62,0.69,0.72,0.83,0.45843047,b,F,,Patella,spp. (might be caerulea),shell
15561bF,0.65,0.48,1.01,0.86,0.69,0.00,0.61,0.64,0.74,0.81,0.451283636,b,F,,Patella,spp. (might be caerulea),shell
15562bF,0.70,0.51,1.04,1.21,0.71,0.00,0.45,0.70,0.64,0.60,0.340413084,b,F,,Patella,spp. (might be caerulea),shell
15562bF,0.70,0.50,1.04,0.94,0.71,0.00,0.44,0.68,0.64,0.58,0.340143054,b,F,,Patella,spp. (might be caerulea),shell
15563bF,0.70,0.47,1.00,0.91,0.64,0.35,0.32,0.64,0.57,0.54,0.434376626,b,F,,Patella,spp. (might be caerulea),shell
15563bF,0.70,0.47,1.00,0.84,0.64,0.29,0.32,0.61,0.58,0.53,0.435271505,b,F,,Patella,spp. (might be caerulea),shell
15564bF,0.67,0.43,0.99,1.11,0.66,0.47,0.39,0.60,0.57,0.49,0.307654464,b,F,,Patella,spp. (might be caerulea),shell
15564bF,0.71,0.43,0.99,1.06,0.65,0.45,0.35,0.61,0.60,0.48,0.31198287,b,F,,Patella,spp. (might be caerulea),shell
15565bF,0.70,0.39,1.00,0.97,0.61,0.00,0.28,0.46,0.43,0.28,0.375071794,b,F,,Patella,spp. (might be caerulea),shell
15565bF,0.74,0.39,1.01,1.07,0.59,0.00,0.25,0.49,0.44,0.29,0.38231865,b,F,,Patella,spp. (might be caerulea),shell
15566bF,0.66,0.50,1.01,1.48,0.69,0.40,0.46,0.64,0.63,0.62,0.352680879,b,F,,Patella,spp. (might be caerulea),shell
15566bF,0.71,0.50,1.00,1.45,0.69,0.39,0.46,0.67,0.67,0.71,0.357976705,b,F,,Patella,spp. (might be caerulea),shell
15567bF,0.72,0.60,1.03,0.95,0.76,0.82,0.53,0.76,0.77,0.73,0.307059053,b,F,,Patella,spp. (might be caerulea),shell
15567bF,0.76,0.60,1.01,0.87,0.75,0.57,0.52,0.75,0.75,0.79,0.309149528,b,F,,Patella,spp. (might be caerulea),shell
15568bF,0.72,0.47,1.01,0.89,0.69,0.24,0.35,0.58,0.58,0.39,0.349603778,b,F,,Patella,spp. (might be caerulea),shell
15568bF,0.76,0.47,1.02,0.86,0.68,0.16,0.00,#DIV/0!,#DIV/0!,#DIV/0!,0.359344074,b,F,,Patella,spp. (might be caerulea),shell
15548bH*,0.33,0.23,0.42,1.73,0.40,0.00,0.20,0.36,0.34,0.28,0.533435806,b,H,*,Patella,spp. (might be caerulea),shell
15549bH*,0.36,0.23,0.47,1.56,0.40,0.15,0.18,0.33,0.28,0.21,0.556121218,b,H,*,Patella,spp. (might be caerulea),shell
15550bH*,0.29,0.16,0.44,0.39,0.29,0.25,0.15,0.22,0.21,0.16,0.574774666,b,H,*,Patella,spp. (might be caerulea),shell
15550bH*,0.29,0.16,0.44,0.24,0.27,0.39,0.13,0.22,0.21,0.15,0.580966635,b,H,*,Patella,spp. (might be caerulea),shell
15551bH*,0.22,0.07,0.05,0.08,0.04,0.04,0.05,0.07,0.07,0.00,1.526416802,b,H,*,Patella,spp. (might be caerulea),shell
15551bH*,0.22,0.07,0.05,0.06,0.11,0.03,0.05,0.07,0.07,0.00,1.420447369,b,H,*,Patella,spp. (might be caerulea),shell
15552bH*,0.29,0.21,0.42,0.37,0.39,0.12,0.22,0.33,0.28,0.29,0.620313598,b,H,*,Patella,spp. (might be caerulea),shell
15553bH*,0.32,0.22,0.55,0.49,0.42,0.33,0.27,0.38,0.37,0.38,0.563976783,b,H,*,Patella,spp. (might be caerulea),shell
15553bH*,0.32,0.22,0.55,0.42,0.41,0.31,0.25,0.38,0.37,0.40,0.56828955,b,H,*,Patella,spp. (might be caerulea),shell
15554bH*,0.33,0.29,0.39,0.71,0.44,0.00,0.24,0.36,0.32,0.25,0.382152967,b,H,*,Patella,spp. (might be caerulea),shell
15554bH*,0.33,0.29,0.40,0.46,0.43,0.00,0.22,0.36,0.32,0.25,0.385280367,b,H,*,Patella,spp. (might be caerulea),shell
15555bH*,0.27,0.19,0.46,0.42,0.37,0.00,0.22,0.31,0.32,0.31,0.648352044,b,H,*,Patella,spp. (might be caerulea),shell
15555bH*,0.27,0.19,0.46,0.30,0.35,0.06,0.20,0.32,0.31,0.30,0.661556209,b,H,*,Patella,spp. (might be caerulea),shell
15556bH*,0.26,0.17,0.35,0.43,0.33,0.23,0.20,0.24,0.25,0.23,0.705452192,b,H,*,Patella,spp. (might be caerulea),shell
15556bH*,0.26,0.17,0.36,0.26,0.32,0.15,0.20,0.25,0.25,0.23,0.708824721,b,H,*,Patella,spp. (might be caerulea),shell
15557bH*,0.35,0.38,0.23,0.72,0.60,0.00,0.37,0.43,0.47,0.45,0.176412712,b,H,*,Patella,spp. (might be caerulea),shell
15557bH*,0.35,0.38,0.24,0.43,0.59,0.00,0.36,0.44,0.47,0.44,0.176137736,b,H,*,Patella,spp. (might be caerulea),shell
15558bH*,0.29,0.21,0.39,0.43,0.39,0.13,0.23,0.34,0.33,0.30,0.643001324,b,H,*,Patella,spp. (might be caerulea),shell
15558bH*,0.29,0.21,0.39,0.33,0.39,0.30,0.22,0.33,0.34,0.32,0.633672418,b,H,*,Patella,spp. (might be caerulea),shell
15559bH*,0.33,0.26,0.45,0.49,0.42,0.42,0.23,0.40,0.39,0.36,0.518316577,b,H,*,Patella,spp. (might be caerulea),shell
15559bH*,0.33,0.26,0.46,0.58,0.42,0.42,0.22,0.40,0.38,0.35,0.521566583,b,H,*,Patella,spp. (might be caerulea),shell
15560bH*,0.37,0.27,0.44,0.67,0.43,0.27,0.17,0.28,0.29,0.25,0.472226464,b,H,*,Patella,spp. (might be caerulea),shell
15560bH*,0.37,0.27,0.45,0.40,0.43,0.46,0.17,0.29,0.28,0.23,0.473976113,b,H,*,Patella,spp. (might be caerulea),shell
15561bH*,0.26,0.20,0.39,0.47,0.35,0.00,0.19,0.32,0.33,0.29,0.621381337,b,H,*,Patella,spp. (might be caerulea),shell
15561bH*,0.26,0.20,0.39,0.56,0.34,0.29,0.19,0.33,0.32,0.27,0.624534814,b,H,*,Patella,spp. (might be caerulea),shell
15562bH*,0.31,0.25,0.43,0.51,0.45,0.32,0.22,0.40,0.40,0.34,0.509790726,b,H,*,Patella,spp. (might be caerulea),shell
15562bH*,0.31,0.25,0.43,0.56,0.44,0.28,0.21,0.42,0.39,0.33,0.51427107,b,H,*,Patella,spp. (might be caerulea),shell
15563bH*,0.36,0.22,0.39,0.48,0.38,0.18,0.15,0.27,0.27,0.26,0.598864018,b,H,*,Patella,spp. (might be caerulea),shell
15563bH*,0.36,0.22,0.39,0.29,0.38,0.17,0.15,0.27,0.26,0.24,0.600230001,b,H,*,Patella,spp. (might be caerulea),shell
15564bH*,0.41,0.24,0.52,0.62,0.42,0.00,0.19,0.30,0.32,0.27,0.427344302,b,H,*,Patella,spp. (might be caerulea),shell
15564bH*,0.41,0.24,0.52,0.58,0.41,0.00,0.18,0.30,0.31,0.25,0.42625179,b,H,*,Patella,spp. (might be caerulea),shell
15565bH*,0.42,0.24,0.56,0.54,0.41,0.00,0.18,0.32,0.31,0.20,0.475807538,b,H,*,Patella,spp. (might be caerulea),shell
15565bH*,0.41,0.24,0.55,0.45,0.40,0.00,0.18,0.34,0.29,0.19,0.479887429,b,H,*,Patella,spp. (might be caerulea),shell
15566bH*,0.37,0.25,0.49,0.73,0.43,0.23,0.23,0.37,0.40,0.33,0.488094509,b,H,*,Patella,spp. (might be caerulea),shell
15566bH*,0.37,0.25,0.49,1.47,0.42,0.19,0.21,0.37,0.39,0.32,0.495265829,b,H,*,Patella,spp. (might be caerulea),shell
15567bH*,0.36,0.29,0.45,0.50,0.48,0.00,0.26,0.46,0.43,0.36,0.453250637,b,H,*,Patella,spp. (might be caerulea),shell
15567bH*,0.36,0.29,0.46,0.43,0.48,0.00,0.25,0.46,0.42,0.36,0.455210421,b,H,*,Patella,spp. (might be caerulea),shell
15568bH*,0.39,0.26,0.47,0.52,0.46,0.13,0.21,0.40,0.35,0.24,0.517363889,b,H,*,Patella,spp. (might be caerulea),shell
15568bH*,0.38,0.26,0.46,1.38,0.45,0.00,0.21,0.39,0.34,0.24,0.527654118,b,H,*,Patella,spp. (might be caerulea),shell
15569bH*,0.37,0.21,0.46,0.34,0.37,0.55,0.22,0.35,0.31,0.27,0.520839136,b,H,*,Patella,spp. (might be caerulea),shell
15569bH*,0.37,0.21,0.45,0.29,0.37,0.48,0.21,0.34,0.30,0.26,0.528596671,b,H,*,Patella,spp. (might be caerulea),shell
15570bH*,0.33,0.22,0.38,0.42,0.41,0.24,0.22,0.36,0.34,0.26,0.690331615,b,H,*,Patella,spp. (might be caerulea),shell
15570bH*,0.33,0.22,0.38,0.40,0.40,0.21,0.22,0.35,0.33,0.24,0.697286742,b,H,*,Patella,spp. (might be caerulea),shell
15571bH*,0.38,0.27,0.48,0.56,0.47,0.58,0.25,0.44,0.39,0.35,0.512176387,b,H,*,Patella,spp. (might be caerulea),shell
15571bH*,0.38,0.27,0.48,0.45,0.46,0.25,0.24,0.44,0.39,0.32,0.510129949,b,H,*,Patella,spp. (might be caerulea),shell
15572bH*,0.62,0.80,0.47,2.54,0.88,0.00,0.70,0.63,0.80,0.79,0.028230859,b,H,*,Patella,spp. (might be caerulea),shell
15572bH*,0.62,0.80,0.49,2.22,0.87,0.00,0.68,0.65,0.77,0.75,0.029275383,b,H,*,Patella,spp. (might be caerulea),shell
15573bH*,0.37,0.23,0.45,0.34,0.38,0.00,0.19,0.40,0.36,0.25,0.59742077,b,H,*,Patella,spp. (might be caerulea),shell
15573bH*,0.37,0.23,0.42,0.40,0.34,#DIV/0!,0.18,0.39,0.38,0.24,0.535418251,b,H,*,Patella,spp. (might be caerulea),shell
15574bH*,0.39,0.23,0.53,0.45,0.34,0.00,0.22,0.41,0.37,0.27,0.484213689,b,H,*,Patella,spp. (might be caerulea),shell
15574bH*,0.39,0.23,0.53,0.43,0.30,#DIV/0!,0.21,0.41,0.39,0.26,0.445022654,b,H,*,Patella,spp. (might be caerulea),shell
15575bH,0.35,0.22,0.49,0.33,0.39,0.00,0.20,0.40,0.37,0.29,0.52837564,b,H,,Patella,spp. (might be caerulea),shell
15575bH*,0.36,0.22,0.46,0.39,0.33,#DIV/0!,0.20,0.40,0.39,0.29,0.512835484,b,H,*,Patella,spp. (might be caerulea),shell
15576bH*,0.34,0.23,0.46,0.41,0.41,0.00,0.24,0.42,0.38,0.32,0.554549574,b,H,*,Patella,spp. (might be caerulea),shell
15577bH*,0.31,0.29,0.40,0.31,0.43,0.00,0.26,0.48,0.50,0.44,0.472219005,b,H,*,Patella,spp. (might be caerulea),shell
15578bH*,0.35,0.25,0.44,0.45,0.40,0.34,0.22,0.44,0.38,0.30,0.492790935,b,H,*,Patella,spp. (might be caerulea),shell
15579bH*,0.37,0.26,0.50,0.56,0.33,0.00,0.23,0.39,0.42,0.31,0.350002734,b,H,*,Patella,spp. (might be caerulea),shell
15580bH*,0.34,0.25,0.41,0.48,0.41,0.46,0.24,0.43,0.43,0.35,0.479421725,b,H,*,Patella,spp. (might be caerulea),shell
15581bH*,0.33,0.22,0.41,0.39,0.39,0.46,0.22,0.39,0.38,0.34,0.56475078,b,H,*,Patella,spp. (might be caerulea),shell
15582bH*,0.37,0.24,0.47,0.42,0.35,0.00,0.20,0.37,0.36,0.28,0.435760924,b,H,*,Patella,spp. (might be caerulea),shell
15583bH*,0.36,0.27,0.47,0.37,0.43,0.51,0.23,0.47,0.45,0.35,0.475934087,b,H,*,Patella,spp. (might be caerulea),shell
15584bH*,0.37,0.23,0.46,0.46,0.33,#DIV/0!,0.23,0.41,0.40,0.29,0.497394663,b,H,*,Patella,spp. (might be caerulea),shell
15585bH*,0.34,0.24,0.43,0.43,0.38,#DIV/0!,0.22,0.41,0.40,0.30,0.541215883,b,H,*,Patella,spp. (might be caerulea),shell
15586bH*,0.37,0.24,0.41,0.40,0.37,#DIV/0!,0.24,0.37,0.35,0.35,0.537651409,b,H,*,Patella,spp. (might be caerulea),shell
15597bH*,0.40,0.24,0.43,0.37,0.31,#DIV/0!,0.19,0.37,0.36,0.21,0.476666766,b,H,*,Patella,spp. (might be caerulea),shell
15598bH*,0.39,0.24,0.45,0.47,0.35,#DIV/0!,0.20,0.43,0.38,0.27,0.51109889,b,H,*,Patella,spp. (might be caerulea),shell
15599bH*,0.56,0.55,0.16,0.69,0.62,#DIV/0!,0.41,0.78,0.64,0.52,0.112137236,b,H,*,Patella,spp. (might be caerulea),shell
15600bH*,0.45,0.37,0.40,0.56,0.54,#DIV/0!,0.27,0.59,0.47,0.36,0.265049293,b,H,*,Patella,spp. (might be caerulea),shell
15576bH*,0.34,0.23,0.45,0.40,0.34,#DIV/0!,0.23,0.43,0.41,0.32,0.514990878,b,H,*,Patella,spp. (might be caerulea),shell
15577bH*,0.31,0.29,0.38,0.40,0.38,#DIV/0!,0.26,0.51,0.56,0.45,0.415501627,b,H,*,Patella,spp. (might be caerulea),shell
15578bH*,0.35,0.25,0.42,0.44,0.36,#DIV/0!,0.22,0.43,0.40,0.30,0.485257693,b,H,*,Patella,spp. (might be caerulea),shell
15579bH*,0.37,0.27,0.48,0.55,0.32,#DIV/0!,0.23,0.42,0.44,0.31,0.346515647,b,H,*,Patella,spp. (might be caerulea),shell
15580bH*,0.34,0.25,0.41,0.46,0.34,#DIV/0!,0.23,0.44,0.47,0.36,0.426094522,b,H,*,Patella,spp. (might be caerulea),shell
15581bH*,0.33,0.23,0.41,0.39,0.33,#DIV/0!,0.22,0.39,0.40,0.31,0.515819302,b,H,*,Patella,spp. (might be caerulea),shell
15582bH*,0.37,0.24,0.46,0.53,0.30,#DIV/0!,0.19,0.39,0.42,0.29,0.390851637,b,H,*,Patella,spp. (might be caerulea),shell
15583bH*,0.36,0.27,0.45,0.16,0.35,#DIV/0!,0.23,0.48,0.48,0.34,0.429026248,b,H,*,Patella,spp. (might be caerulea),shell
15584bH*,0.37,0.23,0.45,0.45,0.30,#DIV/0!,0.22,0.41,0.42,0.30,0.46966946,b,H,*,Patella,spp. (might be caerulea),shell
15585bH*,0.34,0.24,0.41,0.41,0.35,#DIV/0!,0.21,0.42,0.43,0.31,0.492667908,b,H,*,Patella,spp. (might be caerulea),shell
15586bH*,0.37,0.24,0.42,0.39,0.32,0.00,0.23,0.36,0.40,0.35,0.486079792,b,H,*,Patella,spp. (might be caerulea),shell
15596bH*,0.44,0.34,0.45,0.61,0.38,0.00,0.25,0.42,0.45,0.37,0.262450781,b,H,*,Patella,spp. (might be caerulea),shell
15596bH*,0.44,0.34,0.47,0.61,0.40,0.35,0.24,0.42,0.47,0.37,0.241106114,b,H,*,Patella,spp. (might be caerulea),shell
15597bH*,0.40,0.24,0.43,0.19,0.27,#DIV/0!,0.20,0.35,0.38,0.21,0.448553992,b,H,*,Patella,spp. (might be caerulea),shell
15598bH*,0.39,0.25,0.46,0.45,0.32,#DIV/0!,0.21,0.40,0.41,0.26,0.458942168,b,H,*,Patella,spp. (might be caerulea),shell
15599bH*,0.56,0.56,0.20,0.43,0.58,0.35,0.41,0.67,0.66,0.52,0.108949416,b,H,*,Patella,spp. (might be caerulea),shell
15600bH*,0.45,0.38,0.40,0.67,0.50,#DIV/0!,0.27,0.55,0.47,0.37,0.262551049,b,H,*,Patella,spp. (might be caerulea),shell
15569bF,0.69,0.55,1.02,0.92,0.75,0.00,0.66,0.89,0.86,0.92,0.370272114,b,F,,Patella,spp. (might be caerulea),shell
15569bF,0.69,0.54,1.02,0.79,0.75,0.00,0.66,0.81,0.91,0.88,0.358920952,b,F,,Patella,spp. (might be caerulea),shell
15570bF,0.69,0.50,1.02,1.08,0.70,0.00,0.46,0.70,0.68,0.56,0.420967006,b,F,,Patella,spp. (might be caerulea),shell
15570bF,0.69,0.49,1.02,0.85,0.69,0.00,0.44,0.67,0.67,0.56,0.423627327,b,F,,Patella,spp. (might be caerulea),shell
15571bF,0.73,0.59,1.05,0.84,0.76,0.00,0.54,0.81,0.78,0.73,0.358791445,b,F,,Patella,spp. (might be caerulea),shell
15571bF,0.73,0.58,1.05,0.80,0.75,0.00,0.53,0.82,0.78,0.73,0.36430226,b,F,,Patella,spp. (might be caerulea),shell
15572bF,0.77,0.96,0.22,0.00,0.99,0.81,1.03,0.80,1.09,1.35,0.025598735,b,F,,Patella,spp. (might be caerulea),shell
15572bF,0.78,0.96,#DIV/0!,1.33,0.97,0.69,1.05,0.99,1.20,1.34,0.005175641,b,F,,Patella,spp. (might be caerulea),shell
15573bF,0.70,0.45,1.04,0.89,0.67,0.00,0.34,0.64,0.57,0.40,0.411031694,b,F,,Patella,spp. (might be caerulea),shell
15573bF,0.70,0.44,1.02,0.82,0.67,0.00,0.34,0.62,0.58,0.41,0.40509012,b,F,,Patella,spp. (might be caerulea),shell
15574bF,0.71,0.45,1.07,0.87,0.68,0.00,0.51,0.80,0.72,0.66,0.463155158,b,F,,Patella,spp. (might be caerulea),shell
15574bF,0.72,0.44,1.01,0.80,0.68,0.00,0.50,0.76,0.78,0.66,0.457742006,b,F,,Patella,spp. (might be caerulea),shell
15575bF,0.68,0.45,1.04,0.87,0.68,0.00,0.50,0.72,0.68,0.64,0.451838588,b,F,,Patella,spp. (might be caerulea),shell
15575bF,0.68,0.45,1.00,0.77,0.68,0.20,0.50,0.75,0.68,0.58,0.466129839,b,F,,Patella,spp. (might be caerulea),shell
15576bF,0.69,0.53,1.05,0.90,0.73,0.00,0.63,0.86,0.81,0.86,0.4350295,b,F,,Patella,spp. (might be caerulea),shell
15576bF,0.69,0.52,1.03,0.83,0.74,0.00,0.62,0.81,0.88,0.86,0.421315988,b,F,,Patella,spp. (might be caerulea),shell
15577bF,0.69,0.66,1.03,0.93,0.81,0.00,0.67,0.88,0.88,0.97,0.291648812,b,F,,Patella,spp. (might be caerulea),shell
15577bF,0.69,0.65,1.01,0.87,0.79,0.00,0.66,0.87,0.97,0.95,0.28963376,b,F,,Patella,spp. (might be caerulea),shell
15578bF,0.70,0.58,1.04,0.91,0.76,0.00,0.58,0.81,0.77,0.76,0.389844489,b,F,,Patella,spp. (might be caerulea),shell
15578bF,0.71,0.58,1.03,0.89,0.75,0.00,0.58,0.81,0.78,0.76,0.389479387,b,F,,Patella,spp. (might be caerulea),shell
15579bF,0.73,0.50,1.05,0.84,0.73,0.60,0.62,0.85,0.79,0.86,0.368122912,b,F,,Patella,spp. (might be caerulea),shell
15579bF,0.73,0.49,1.04,0.79,0.73,0.53,0.62,0.82,0.85,0.84,0.361947172,b,F,,Patella,spp. (might be caerulea),shell
15580bF,0.69,0.58,1.03,0.93,0.76,0.00,0.64,0.84,0.82,0.89,0.346294028,b,F,,Patella,spp. (might be caerulea),shell
15580bF,0.69,0.57,1.01,0.84,0.75,0.00,0.63,0.81,0.85,0.85,0.337626033,b,F,,Patella,spp. (might be caerulea),shell
15581bF,0.68,0.52,1.02,0.93,0.73,#VALUE!,0.64,0.81,0.79,0.90,0.432084376,b,F,,Patella,spp. (might be caerulea),shell
15581bF,0.69,0.50,1.02,0.86,0.74,0.57,0.64,0.79,0.81,0.91,0.424027901,b,F,,Patella,spp. (might be caerulea),shell
15582bF,0.70,0.40,1.03,0.93,0.64,0.59,0.38,0.67,0.58,0.52,0.368501788,b,F,,Patella,spp. (might be caerulea),shell
15582bF,0.70,0.40,1.02,0.89,0.63,0.58,0.38,0.64,0.58,0.50,0.359980586,b,F,,Patella,spp. (might be caerulea),shell
15583bF,0.71,0.59,1.03,0.99,0.75,0.29,0.52,0.82,0.79,0.78,0.365288552,b,F,,Patella,spp. (might be caerulea),shell
15583bF,0.71,0.59,1.02,0.88,0.74,0.22,0.52,0.78,0.86,0.78,0.363567987,b,F,,Patella,spp. (might be caerulea),shell
15584bF,0.71,0.49,0.98,0.81,0.72,0.66,0.58,0.83,0.81,0.78,0.488000327,b,F,,Patella,spp. (might be caerulea),shell
15584bF,0.71,0.49,0.99,0.80,0.72,0.65,0.58,0.81,0.79,0.79,0.482501461,b,F,,Patella,spp. (might be caerulea),shell
15585bF,0.71,0.53,0.99,1.04,0.74,0.61,0.53,0.75,0.72,0.70,0.411126724,b,F,,Patella,spp. (might be caerulea),shell
15585bF,0.71,0.53,1.02,1.06,0.73,0.59,0.53,0.74,0.75,0.67,0.409750958,b,F,,Patella,spp. (might be caerulea),shell
15586bF,0.71,0.50,1.01,0.86,0.77,0.33,0.64,0.85,0.82,0.86,0.40706321,b,F,,Patella,spp. (might be caerulea),shell
15586bF,0.71,0.49,0.98,0.89,0.77,0.11,0.64,0.89,0.86,0.89,0.407364885,b,F,,Patella,spp. (might be caerulea),shell
15596bF,0.76,0.63,0.99,1.32,0.80,0.75,0.63,0.84,0.78,0.76,0.224870406,b,F,,Patella,spp. (might be caerulea),shell
15596bF,0.76,0.63,0.98,1.05,0.80,0.74,0.64,0.84,0.80,0.88,0.222357573,b,F,,Patella,spp. (might be caerulea),shell
15597bF,0.71,0.48,1.03,1.14,0.68,0.13,0.34,0.64,0.57,0.39,0.434678576,b,F,,Patella,spp. (might be caerulea),shell
15597bF,0.73,0.48,1.02,0.84,0.66,0.09,0.34,0.67,0.57,0.39,0.437093138,b,F,,Patella,spp. (might be caerulea),shell
15598bF,0.73,0.43,0.98,0.85,0.67,0.63,0.42,0.72,0.64,0.56,0.433444172,b,F,,Patella,spp. (might be caerulea),shell
15598bF,0.75,0.44,1.03,0.94,0.65,0.62,0.42,0.71,0.65,0.58,0.424137519,b,F,,Patella,spp. (might be caerulea),shell
15599bF,0.78,0.86,0.58,2.70,0.93,0.22,0.88,1.01,0.98,1.02,0.043966432,b,F,,Patella,spp. (might be caerulea),shell
15599bF,0.81,0.89,0.55,1.63,0.92,0.00,0.86,0.91,1.03,1.10,0.046424471,b,F,,Patella,spp. (might be caerulea),shell
15600bF,0.81,0.71,1.00,0.98,0.83,0.00,0.58,0.85,0.91,0.79,0.15917763,b,F,,Patella,spp. (might be caerulea),shell
15600bF,0.82,0.73,0.97,4.43,0.81,0.00,0.56,0.83,0.74,0.78,0.159584021,b,F,,Patella,spp. (might be caerulea),shell